TTO;N;P;B;PL;SDT;FC;R;CCI;CCI.R;CCI.I;FC.R;FC.I
0.0N/0.0P;0.0N;0.0P;1;1;7;0,815;1;25,6;25,6;FALSO;0,815;FALSO
0.0N/0.0P;0.0N;0.0P;1;1;7;0,833;2;24,2;24,2;FALSO;0,833;FALSO
0.0N/0.0P;0.0N;0.0P;1;1;7;0,804;3;15,4;15,4;FALSO;0,804;FALSO
0.0N/0.0P;0.0N;0.0P;1;1;7;0,851;4;13,5;13,5;FALSO;0,851;FALSO
0.0N/0.0P;0.0N;0.0P;1;5;7;0,729;1;11,9;11,9;FALSO;0,729;FALSO
0.0N/0.0P;0.0N;0.0P;1;5;7;0,729;2;12,5;12,5;FALSO;0,729;FALSO
0.0N/0.0P;0.0N;0.0P;1;5;7;0,729;3;11,1;11,1;FALSO;0,729;FALSO
0.0N/0.0P;0.0N;0.0P;1;5;7;0,729;4;10,5;10,5;FALSO;0,729;FALSO
1.1N/0.0P;1.1N;0.0P;1;10;7;0,72;1;33,5;33,5;FALSO;0,72;FALSO
1.1N/0.0P;1.1N;0.0P;1;10;7;0,72;2;17,1;17,1;FALSO;0,72;FALSO
1.1N/0.0P;1.1N;0.0P;1;10;7;0,72;3;38;38;FALSO;0,72;FALSO
1.1N/0.0P;1.1N;0.0P;1;10;7;0,72;4;41,4;41,4;FALSO;0,72;FALSO
1.8N/0.0P;1.8N;0.0P;1;20;7;0,914;1;26,6;26,6;FALSO;0,914;FALSO
1.8N/0.0P;1.8N;0.0P;1;20;7;0,734;2;20,2;20,2;FALSO;0,734;FALSO
1.8N/0.0P;1.8N;0.0P;1;20;7;0,806;3;23,1;23,1;FALSO;0,806;FALSO
1.8N/0.0P;1.8N;0.0P;1;20;7;0,573;4;24,1;24,1;FALSO;0,573;FALSO
1.8N/0.0P;1.8N;0.0P;1;22;7;0,843;1;25,4;25,4;FALSO;0,843;FALSO
1.8N/0.0P;1.8N;0.0P;1;22;7;0,806;2;23,6;23,6;FALSO;0,806;FALSO
1.8N/0.0P;1.8N;0.0P;1;22;7;0,725;3;21,2;21,2;FALSO;0,725;FALSO
1.8N/0.0P;1.8N;0.0P;1;22;7;0,732;4;20,9;20,9;FALSO;0,732;FALSO
2.5N/0.0P;2.5N;0.0P;1;25;7;0,495;1;26,6;26,6;FALSO;0,495;FALSO
2.5N/0.0P;2.5N;0.0P;1;25;7;0,495;2;26,9;26,9;FALSO;0,495;FALSO
2.5N/0.0P;2.5N;0.0P;1;25;7;0,495;3;28,2;28,2;FALSO;0,495;FALSO
2.5N/0.0P;2.5N;0.0P;1;25;7;0,495;4;27,1;27,1;FALSO;0,495;FALSO
2.5N/0.0P;2.5N;0.0P;1;31;7;0,708;1;20,5;20,5;FALSO;0,708;FALSO
2.5N/0.0P;2.5N;0.0P;1;31;7;0,8;2;19,7;19,7;FALSO;0,8;FALSO
2.5N/0.0P;2.5N;0.0P;1;31;7;0,789;3;18,7;18,7;FALSO;0,789;FALSO
2.5N/0.0P;2.5N;0.0P;1;31;7;0,781;4;22,2;22,2;FALSO;0,781;FALSO
0.0N/0.6P;0.0N;0.6P;1;34;7;0,763;1;20,3;20,3;FALSO;0,763;FALSO
0.0N/0.6P;0.0N;0.6P;1;34;7;0,777;2;18,4;18,4;FALSO;0,777;FALSO
0.0N/0.6P;0.0N;0.6P;1;34;7;0,711;3;16;16;FALSO;0,711;FALSO
0.0N/0.6P;0.0N;0.6P;1;34;7;0,788;4;16,8;16,8;FALSO;0,788;FALSO
0.0N/0.6P;0.0N;0.6P;1;36;7;0,73;1;21;21;FALSO;0,73;FALSO
0.0N/0.6P;0.0N;0.6P;1;36;7;0,754;2;22;22;FALSO;0,754;FALSO
0.0N/0.6P;0.0N;0.6P;1;36;7;0,777;3;20,8;20,8;FALSO;0,777;FALSO
0.0N/0.6P;0.0N;0.6P;1;36;7;0,766;4;20,2;20,2;FALSO;0,766;FALSO
1.1N/0.6P;1.1N;0.6P;1;42;7;0,782;1;30,6;30,6;FALSO;0,782;FALSO
1.1N/0.6P;1.1N;0.6P;1;42;7;0,764;2;31,7;31,7;FALSO;0,764;FALSO
1.1N/0.6P;1.1N;0.6P;1;42;7;0,778;3;41,6;41,6;FALSO;0,778;FALSO
1.1N/0.6P;1.1N;0.6P;1;42;7;0,789;4;24,6;24,6;FALSO;0,789;FALSO
1.1N/0.6P;1.1N;0.6P;1;47;7;0,81;1;11,2;11,2;FALSO;0,81;FALSO
1.1N/0.6P;1.1N;0.6P;1;47;7;0,813;2;10,4;10,4;FALSO;0,813;FALSO
1.1N/0.6P;1.1N;0.6P;1;47;7;0,916;3;10,4;10,4;FALSO;0,916;FALSO
1.1N/0.6P;1.1N;0.6P;1;47;7;0,747;4;10,4;10,4;FALSO;0,747;FALSO
1.8N/0.6P;1.8N;0.6P;1;52;7;1,012;1;34,8;34,8;FALSO;0,71;VERDADERO
1.8N/0.6P;1.8N;0.6P;1;52;7;0,819;2;20,5;20,5;FALSO;0,819;FALSO
1.8N/0.6P;1.8N;0.6P;1;52;7;0,798;3;24,7;24,7;FALSO;0,798;FALSO
1.8N/0.6P;1.8N;0.6P;1;52;7;0,713;4;27,5;27,5;FALSO;0,713;FALSO
1.8N/0.6P;1.8N;0.6P;1;55;7;0,568;1;16,7;16,7;FALSO;0,568;FALSO
1.8N/0.6P;1.8N;0.6P;1;55;7;0,725;2;11,1;11,1;FALSO;0,725;FALSO
1.8N/0.6P;1.8N;0.6P;1;55;7;0,653;3;9,5;9,5;FALSO;0,653;FALSO
1.8N/0.6P;1.8N;0.6P;1;55;7;0,876;4;19,6;19,6;FALSO;0,876;FALSO
2.5N/0.6P;2.5N;0.6P;1;62;7;0,771;1;8,3;8,3;FALSO;0,771;FALSO
2.5N/0.6P;2.5N;0.6P;1;62;7;0,522;2;19,8;19,8;FALSO;0,522;FALSO
2.5N/0.6P;2.5N;0.6P;1;62;7;0,635;3;10,3;10,3;FALSO;0,635;FALSO
2.5N/0.6P;2.5N;0.6P;1;62;7;0,72;4;10,3;10,3;FALSO;0,72;FALSO
2.5N/0.6P;2.5N;0.6P;1;64;7;0,89;1;26,6;26,6;FALSO;0,89;FALSO
2.5N/0.6P;2.5N;0.6P;1;64;7;0,853;2;20,2;20,2;FALSO;0,853;FALSO
2.5N/0.6P;2.5N;0.6P;1;64;7;0,882;3;23,1;23,1;FALSO;0,882;FALSO
2.5N/0.6P;2.5N;0.6P;1;64;7;0,848;4;21,4;21,4;FALSO;0,848;FALSO
0.0N/1.2P;0.0N;1.2P;1;68;7;0,733;1;14,1;14,1;FALSO;0,733;FALSO
0.0N/1.2P;0.0N;1.2P;1;68;7;0,736;2;16,6;16,6;FALSO;0,736;FALSO
0.0N/1.2P;0.0N;1.2P;1;68;7;0,75;3;21,5;21,5;FALSO;0,75;FALSO
0.0N/1.2P;0.0N;1.2P;1;68;7;0,729;4;12,2;12,2;FALSO;0,729;FALSO
0.0N/1.2P;0.0N;1.2P;1;72;7;1,109;1;13,5;13,5;FALSO;0,7855;VERDADERO
0.0N/1.2P;0.0N;1.2P;1;72;7;0,792;2;12,4;12,4;FALSO;0,792;FALSO
0.0N/1.2P;0.0N;1.2P;1;72;7;0,796;3;10,6;10,6;FALSO;0,796;FALSO
0.0N/1.2P;0.0N;1.2P;1;72;7;0,757;4;13,6;13,6;FALSO;0,757;FALSO
1.1N/1.2P;1.1N;1.2P;1;74;7;0,768;1;15,5;15,5;FALSO;0,768;FALSO
1.1N/1.2P;1.1N;1.2P;1;74;7;0,581;2;21,8;21,8;FALSO;0,581;FALSO
1.1N/1.2P;1.1N;1.2P;1;74;7;0,806;3;22,9;22,9;FALSO;0,806;FALSO
1.1N/1.2P;1.1N;1.2P;1;74;7;0,838;4;11,6;11,6;FALSO;0,838;FALSO
1.1N/1.2P;1.1N;1.2P;1;77;7;0,752;1;18,7;18,7;FALSO;0,752;FALSO
1.1N/1.2P;1.1N;1.2P;1;77;7;0,766;2;15,2;15,2;FALSO;0,766;FALSO
1.1N/1.2P;1.1N;1.2P;1;77;7;0,783;3;17,7;17,7;FALSO;0,783;FALSO
1.1N/1.2P;1.1N;1.2P;1;77;7;0,809;4;11,9;11,9;FALSO;0,809;FALSO
1.8N/1.2P;1.8N;1.2P;1;81;7;0,85;1;10,6;10,6;FALSO;0,85;FALSO
1.8N/1.2P;1.8N;1.2P;1;81;7;0,437;2;28,7;28,7;FALSO;0,437;FALSO
1.8N/1.2P;1.8N;1.2P;1;81;7;0,759;3;13,4;13,4;FALSO;0,759;FALSO
1.8N/1.2P;1.8N;1.2P;1;81;7;0,539;4;25,1;25,1;FALSO;0,539;FALSO
1.8N/1.2P;1.8N;1.2P;1;82;7;1,136;1;25,6;25,6;FALSO;0,7225;VERDADERO
1.8N/1.2P;1.8N;1.2P;1;82;7;0,806;2;14,3;14,3;FALSO;0,806;FALSO
1.8N/1.2P;1.8N;1.2P;1;82;7;0,989;3;13,3;13,3;FALSO;0,989;FALSO
1.8N/1.2P;1.8N;1.2P;1;82;7;0,758;4;21;21;FALSO;0,758;FALSO
2.5N/1.2P;2.5N;1.2P;1;91;7;0,718;1;28;28;FALSO;0,718;FALSO
2.5N/1.2P;2.5N;1.2P;1;91;7;0,671;2;32;32;FALSO;0,671;FALSO
2.5N/1.2P;2.5N;1.2P;1;91;7;0,659;3;36,1;36,1;FALSO;0,659;FALSO
2.5N/1.2P;2.5N;1.2P;1;91;7;0,705;4;21,7;21,7;FALSO;0,705;FALSO
2.5N/1.2P;2.5N;1.2P;1;94;7;0,816;1;16,4;16,4;FALSO;0,816;FALSO
2.5N/1.2P;2.5N;1.2P;1;94;7;0,734;2;20,7;20,7;FALSO;0,734;FALSO
2.5N/1.2P;2.5N;1.2P;1;94;7;0,811;3;9,4;9,4;FALSO;0,811;FALSO
2.5N/1.2P;2.5N;1.2P;1;94;7;0,932;4;13,3;13,3;FALSO;0,735;VERDADERO
1.1N/0.0P;1.1N;0.0P;1;98;7;0,748;1;22,9;22,9;FALSO;0,748;FALSO
1.1N/0.0P;1.1N;0.0P;1;98;7;0,556;2;33,5;33,5;FALSO;0,749;VERDADERO
1.1N/0.0P;1.1N;0.0P;1;98;7;0,529;3;23,2;23,2;FALSO;0,749;VERDADERO
1.1N/0.0P;1.1N;0.0P;1;98;7;0,899;4;16,8;16,8;FALSO;0,749;VERDADERO
0.0N/0.0P;0.0N;0.0P;2;107;7;0,844;1;8,8;8,8;FALSO;0,844;FALSO
0.0N/0.0P;0.0N;0.0P;2;107;7;0,812;2;6,5;6,5;FALSO;0,812;FALSO
0.0N/0.0P;0.0N;0.0P;2;107;7;0,791;3;7,4;7,4;FALSO;0,791;FALSO
0.0N/0.0P;0.0N;0.0P;2;107;7;0,865;4;8,2;8,2;FALSO;0,865;FALSO
0.0N/0.0P;0.0N;0.0P;2;108;7;0,89;1;24,4;24,4;FALSO;0,89;FALSO
0.0N/0.0P;0.0N;0.0P;2;108;7;0,89;2;19,1;19,1;FALSO;0,89;FALSO
0.0N/0.0P;0.0N;0.0P;2;108;7;0,89;3;22,9;22,9;FALSO;0,89;FALSO
0.0N/0.0P;0.0N;0.0P;2;108;7;0,89;4;16,3;16,3;FALSO;0,89;FALSO
1.1N/0.0P;1.1N;0.0P;2;115;7;0,76;1;12;12;FALSO;0,76;FALSO
1.1N/0.0P;1.1N;0.0P;2;115;7;0,811;2;12,3;12,3;FALSO;0,811;FALSO
1.1N/0.0P;1.1N;0.0P;2;115;7;0,842;3;10,3;10,3;FALSO;0,842;FALSO
1.1N/0.0P;1.1N;0.0P;2;115;7;0,867;4;17,5;17,5;FALSO;0,867;FALSO
1.1N/0.0P;1.1N;0.0P;2;116;7;0,72;1;28,2;28,2;FALSO;0,72;FALSO
1.1N/0.0P;1.1N;0.0P;2;116;7;0,72;2;27,4;27,4;FALSO;0,72;FALSO
1.1N/0.0P;1.1N;0.0P;2;116;7;0,72;3;45,8;45,8;FALSO;0,72;FALSO
1.1N/0.0P;1.1N;0.0P;2;116;7;0,72;4;15,9;15,9;FALSO;0,72;FALSO
1.8N/0.0P;1.8N;0.0P;2;122;7;0,538;1;23,5;23,5;FALSO;0,538;FALSO
1.8N/0.0P;1.8N;0.0P;2;122;7;0,78;2;20,4;20,4;FALSO;0,78;FALSO
1.8N/0.0P;1.8N;0.0P;2;122;7;0,763;3;18;18;FALSO;0,763;FALSO
1.8N/0.0P;1.8N;0.0P;2;122;7;0,752;4;15,9;15,9;FALSO;0,752;FALSO
1.8N/0.0P;1.8N;0.0P;2;123;7;0,718;1;11,8;11,8;FALSO;0,718;FALSO
1.8N/0.0P;1.8N;0.0P;2;123;7;1,015;2;12,8;12,8;FALSO;1,015;FALSO
1.8N/0.0P;1.8N;0.0P;2;123;7;0,799;3;11,5;11,5;FALSO;0,799;FALSO
1.8N/0.0P;1.8N;0.0P;2;123;7;1,037;4;12,5;12,5;FALSO;1,037;FALSO
2.5N/0.0P;2.5N;0.0P;2;126;7;0,763;1;28;28;FALSO;0,763;FALSO
2.5N/0.0P;2.5N;0.0P;2;126;7;0,763;2;21,5;21,5;FALSO;0,763;FALSO
2.5N/0.0P;2.5N;0.0P;2;126;7;0,763;3;16,6;16,6;FALSO;0,763;FALSO
2.5N/0.0P;2.5N;0.0P;2;126;7;0,763;4;12,6;12,6;FALSO;0,763;FALSO
2.5N/0.0P;2.5N;0.0P;2;128;7;1,073;1;12,9;12,9;FALSO;1,073;FALSO
2.5N/0.0P;2.5N;0.0P;2;128;7;0,814;2;10;10;FALSO;0,814;FALSO
2.5N/0.0P;2.5N;0.0P;2;128;7;1;3;11,2;11,2;FALSO;1;FALSO
2.5N/0.0P;2.5N;0.0P;2;128;7;0,728;4;13,7;13,7;FALSO;0,728;FALSO
0.0N/0.6P;0.0N;0.6P;2;136;7;0,735;1;10,2;10,2;FALSO;0,735;FALSO
0.0N/0.6P;0.0N;0.6P;2;136;7;0,779;2;11,6;11,6;FALSO;0,779;FALSO
0.0N/0.6P;0.0N;0.6P;2;136;7;0,507;3;9,6;9,6;FALSO;0,7605;VERDADERO
0.0N/0.6P;0.0N;0.6P;2;136;7;0,646;4;9,7;9,7;FALSO;0,7605;VERDADERO
0.0N/0.6P;0.0N;0.6P;2;139;7;0,81;1;16,4;16,4;FALSO;0,81;FALSO
0.0N/0.6P;0.0N;0.6P;2;139;7;0,76;2;16,3;16,3;FALSO;0,76;FALSO
0.0N/0.6P;0.0N;0.6P;2;139;7;0,8;3;20,5;20,5;FALSO;0,8;FALSO
0.0N/0.6P;0.0N;0.6P;2;139;7;0,731;4;16,8;16,8;FALSO;0,731;FALSO
1.8N/0.0P;1.8N;0.0P;2;148;7;0,801;1;8,8;8,8;FALSO;0,801;FALSO
1.8N/0.0P;1.8N;0.0P;2;148;7;0,8;2;12,1;12,1;FALSO;0,8;FALSO
1.8N/0.0P;1.8N;0.0P;2;148;7;0,842;3;15,4;15,4;FALSO;0,842;FALSO
1.8N/0.0P;1.8N;0.0P;2;148;7;0,794;4;15,6;15,6;FALSO;0,794;FALSO
1.8N/0.6P;1.8N;0.6P;2;149;7;0,77;1;11,4;11,4;FALSO;0,77;FALSO
1.8N/0.6P;1.8N;0.6P;2;149;7;0,847;2;13,8;13,8;FALSO;0,847;FALSO
1.8N/0.6P;1.8N;0.6P;2;149;7;0,728;3;12,5;12,5;FALSO;0,728;FALSO
1.8N/0.6P;1.8N;0.6P;2;149;7;0,805;4;11,6;11,6;FALSO;0,805;FALSO
1.8N/0.6P;1.8N;0.6P;2;150;7;0,625;1;21,1;21,1;FALSO;0,625;FALSO
1.8N/0.6P;1.8N;0.6P;2;150;7;0,635;2;30,5;30,5;FALSO;0,635;FALSO
1.8N/0.6P;1.8N;0.6P;2;150;7;0,707;3;28,3;28,3;FALSO;0,707;FALSO
1.8N/0.6P;1.8N;0.6P;2;150;7;0,751;4;28,2;28,2;FALSO;0,751;FALSO
2.5N/0.6P;2.5N;0.6P;2;157;7;0,724;1;13,1;13,1;FALSO;0,724;FALSO
2.5N/0.6P;2.5N;0.6P;2;157;7;0,705;2;26,2;26,2;FALSO;0,705;FALSO
2.5N/0.6P;2.5N;0.6P;2;157;7;0,75;3;20,6;20,6;FALSO;0,75;FALSO
2.5N/0.6P;2.5N;0.6P;2;157;7;0,769;4;21,3;21,3;FALSO;0,769;FALSO
2.5N/0.6P;2.5N;0.6P;2;159;7;0,78;1;14,7;14,7;FALSO;0,78;FALSO
2.5N/0.6P;2.5N;0.6P;2;159;7;0,757;2;11,7;11,7;FALSO;0,757;FALSO
2.5N/0.6P;2.5N;0.6P;2;159;7;0,763;3;12,4;12,4;FALSO;0,763;FALSO
2.5N/0.6P;2.5N;0.6P;2;159;7;0,632;4;11,6;11,6;FALSO;0,632;FALSO
0.0N/1.2P;0.0N;1.2P;2;165;7;0,624;1;3,9;3,9;FALSO;0,7855;VERDADERO
0.0N/1.2P;0.0N;1.2P;2;165;7;0,829;2;10,3;10,3;FALSO;0,829;FALSO
0.0N/1.2P;0.0N;1.2P;2;165;7;0,826;3;11,6;11,6;FALSO;0,826;FALSO
0.0N/1.2P;0.0N;1.2P;2;165;7;0,917;4;11,3;11,3;FALSO;0,7855;VERDADERO
0.0N/1.2P;0.0N;1.2P;2;170;7;0,818;1;14,6;14,6;FALSO;0,818;FALSO
0.0N/1.2P;0.0N;1.2P;2;170;7;0,804;2;16,8;16,8;FALSO;0,804;FALSO
0.0N/1.2P;0.0N;1.2P;2;170;7;0,806;3;19,8;19,8;FALSO;0,806;FALSO
0.0N/1.2P;0.0N;1.2P;2;170;7;0,783;4;21,5;21,5;FALSO;0,783;FALSO
1.1N/1.2P;1.1N;1.2P;2;173;7;0,71;1;27,5;27,5;FALSO;0,71;FALSO
1.1N/1.2P;1.1N;1.2P;2;173;7;0,556;2;25,9;25,9;FALSO;0,556;FALSO
1.1N/1.2P;1.1N;1.2P;2;173;7;0,994;3;16,7;16,7;FALSO;0,7495;VERDADERO
1.1N/1.2P;1.1N;1.2P;2;173;7;1,052;4;16,2;16,2;FALSO;0,7495;VERDADERO
1.1N/1.2P;1.1N;1.2P;2;175;7;0,72;1;12,5;12,5;FALSO;0,72;FALSO
1.1N/1.2P;1.1N;1.2P;2;175;7;0,708;2;10;10;FALSO;0,708;FALSO
1.1N/1.2P;1.1N;1.2P;2;175;7;0,733;3;11,6;11,6;FALSO;0,733;FALSO
1.1N/1.2P;1.1N;1.2P;2;175;7;0,676;4;12,9;12,9;FALSO;0,676;FALSO
1.8N/1.2P;1.8N;1.2P;2;183;7;0,819;1;40,4;40,4;FALSO;0,819;FALSO
1.8N/1.2P;1.8N;1.2P;2;183;7;0,966;2;34,8;34,8;FALSO;0,966;FALSO
1.8N/1.2P;1.8N;1.2P;2;183;7;0,839;3;30,9;30,9;FALSO;0,839;FALSO
1.8N/1.2P;1.8N;1.2P;2;183;7;0,738;4;27,2;27,2;FALSO;0,738;FALSO
1.8N/1.2P;1.8N;1.2P;2;187;7;0,772;1;14,1;14,1;FALSO;0,772;FALSO
1.8N/1.2P;1.8N;1.2P;2;187;7;0,703;2;16,9;16,9;FALSO;0,703;FALSO
1.8N/1.2P;1.8N;1.2P;2;187;7;0,613;3;16,2;16,2;FALSO;0,613;FALSO
1.8N/1.2P;1.8N;1.2P;2;187;7;0,7;4;15,7;15,7;FALSO;0,7;FALSO
2.5N/1.2P;2.5N;1.2P;2;190;7;0,596;1;9,7;9,7;FALSO;0,596;FALSO
2.5N/1.2P;2.5N;1.2P;2;190;7;0,676;2;8,9;8,9;FALSO;0,676;FALSO
2.5N/1.2P;2.5N;1.2P;2;190;7;0,733;3;11,7;11,7;FALSO;0,733;FALSO
2.5N/1.2P;2.5N;1.2P;2;190;7;0,588;4;10,3;10,3;FALSO;0,588;FALSO
2.5N/1.2P;2.5N;1.2P;2;193;7;0,736;1;19,8;19,8;FALSO;0,736;FALSO
2.5N/1.2P;2.5N;1.2P;2;193;7;0,724;2;21,6;21,6;FALSO;0,724;FALSO
2.5N/1.2P;2.5N;1.2P;2;193;7;0,778;3;16,4;16,4;FALSO;0,778;FALSO
2.5N/1.2P;2.5N;1.2P;2;193;7;0,755;4;19,8;19,8;FALSO;0,755;FALSO
1.1N/0.6P;1.1N;0.6P;2;198;7;0,664;1;24;24;FALSO;0,664;FALSO
1.1N/0.6P;1.1N;0.6P;2;198;7;0,619;2;10,7;10,7;FALSO;0,619;FALSO
1.1N/0.6P;1.1N;0.6P;2;198;7;0,69;3;17,9;17,9;FALSO;0,69;FALSO
1.1N/0.6P;1.1N;0.6P;2;198;7;0,9;4;13,8;13,8;FALSO;0,9;FALSO
0.0N/0.0P;0.0N;0.0P;3;201;7;0,777;1;14,7;14,7;FALSO;0,777;FALSO
0.0N/0.0P;0.0N;0.0P;3;201;7;0,777;2;13,1;13,1;FALSO;0,777;FALSO
0.0N/0.0P;0.0N;0.0P;3;201;7;0,777;3;14,9;14,9;FALSO;0,777;FALSO
0.0N/0.0P;0.0N;0.0P;3;201;7;0,777;4;9,9;9,9;FALSO;0,777;FALSO
0.0N/0.0P;0.0N;0.0P;3;208;7;1,006;1;12;12;FALSO;0,777;VERDADERO
0.0N/0.0P;0.0N;0.0P;3;208;7;0,792;2;12,3;12,3;FALSO;0,792;FALSO
0.0N/0.0P;0.0N;0.0P;3;208;7;0,548;3;10,3;10,3;FALSO;0,777;VERDADERO
0.0N/0.0P;0.0N;0.0P;3;208;7;0,611;4;17,5;17,5;FALSO;0,611;FALSO
0.0N/0.0P;0.0N;0.0P;3;209;7;0,794;1;12,9;12,9;FALSO;0,794;FALSO
0.0N/0.0P;0.0N;0.0P;3;209;7;0,789;2;14,8;14,8;FALSO;0,789;FALSO
0.0N/0.0P;0.0N;0.0P;3;209;7;0,799;3;17,3;17,3;FALSO;0,799;FALSO
0.0N/0.0P;0.0N;0.0P;3;209;7;0,796;4;15,4;15,4;FALSO;0,796;FALSO
1.1N/0.0P;1.1N;0.0P;3;215;7;0,696;1;11,4;11,4;FALSO;0,696;FALSO
1.1N/0.0P;1.1N;0.0P;3;215;7;0,812;2;12,9;12,9;FALSO;0,812;FALSO
1.1N/0.0P;1.1N;0.0P;3;215;7;0,6;3;26,1;26,1;FALSO;0,749;VERDADERO
1.1N/0.0P;1.1N;0.0P;3;215;7;0,735;4;9,8;9,8;FALSO;0,735;FALSO
1.8N/0.0P;1.8N;0.0P;3;217;7;0,873;1;19,4;19,4;FALSO;0,873;FALSO
1.8N/0.0P;1.8N;0.0P;3;217;7;0,649;2;15,7;15,7;FALSO;0,649;FALSO
1.8N/0.0P;1.8N;0.0P;3;217;7;0,851;3;13,7;13,7;FALSO;0,851;FALSO
1.8N/0.0P;1.8N;0.0P;3;217;7;0,851;4;16,1;16,1;FALSO;0,851;FALSO
1.8N/0.0P;1.8N;0.0P;3;218;7;0,777;1;16,9;16,9;FALSO;0,777;FALSO
1.8N/0.0P;1.8N;0.0P;3;218;7;0,761;2;17,2;17,2;FALSO;0,761;FALSO
1.8N/0.0P;1.8N;0.0P;3;218;7;0,789;3;24,6;24,6;FALSO;0,789;FALSO
1.8N/0.0P;1.8N;0.0P;3;218;7;0,725;4;24;24;FALSO;0,725;FALSO
2.5N/0.0P;2.5N;0.0P;3;225;7;0,763;1;12,5;12,5;FALSO;0,763;FALSO
2.5N/0.0P;2.5N;0.0P;3;225;7;0,763;2;10,7;10,7;FALSO;0,763;FALSO
2.5N/0.0P;2.5N;0.0P;3;225;7;0,763;3;9,1;9,1;FALSO;0,763;FALSO
2.5N/0.0P;2.5N;0.0P;3;225;7;0,763;4;10,9;10,9;FALSO;0,763;FALSO
2.5N/0.0P;2.5N;0.0P;3;230;7;0,745;1;13,1;13,1;FALSO;0,745;FALSO
2.5N/0.0P;2.5N;0.0P;3;230;7;0,811;2;11,8;11,8;FALSO;0,811;FALSO
2.5N/0.0P;2.5N;0.0P;3;230;7;0,753;3;16,9;16,9;FALSO;0,753;FALSO
2.5N/0.0P;2.5N;0.0P;3;230;7;0,781;4;17,3;17,3;FALSO;0,781;FALSO
0.0N/0.6P;0.0N;0.6P;3;234;7;0,445;1;58,3;18,8;VERDADERO;0,7605;VERDADERO
0.0N/0.6P;0.0N;0.6P;3;234;7;0,394;2;43,4;18,8;VERDADERO;0,7605;VERDADERO
0.0N/0.6P;0.0N;0.6P;3;234;7;0,752;3;52,9;18,8;VERDADERO;0,752;FALSO
0.0N/0.6P;0.0N;0.6P;3;234;7;0,758;4;51,7;18,8;VERDADERO;0,758;FALSO
0.0N/0.6P;0.0N;0.6P;3;237;7;0,709;1;22,4;22,4;FALSO;0,709;FALSO
0.0N/0.6P;0.0N;0.6P;3;237;7;0,675;2;19,6;19,6;FALSO;0,675;FALSO
0.0N/0.6P;0.0N;0.6P;3;237;7;0,788;3;23,7;23,7;FALSO;0,788;FALSO
0.0N/0.6P;0.0N;0.6P;3;237;7;0,69;4;20,3;20,3;FALSO;0,69;FALSO
1.1N/0.6P;1.1N;0.6P;3;243;7;0,843;1;17,1;17,1;FALSO;0,843;FALSO
1.1N/0.6P;1.1N;0.6P;3;243;7;0,79;2;19,9;19,9;FALSO;0,79;FALSO
1.1N/0.6P;1.1N;0.6P;3;243;7;0,744;3;12,5;12,5;FALSO;0,744;FALSO
1.1N/0.6P;1.1N;0.6P;3;243;7;1,093;4;21,5;21,5;FALSO;0,7385;VERDADERO
1.1N/0.6P;1.1N;0.6P;3;248;7;0,764;1;21,8;21,8;FALSO;0,764;FALSO
1.1N/0.6P;1.1N;0.6P;3;248;7;1,02;2;36,3;36,3;FALSO;0,7385;VERDADERO
1.1N/0.6P;1.1N;0.6P;3;248;7;0,843;3;30,2;30,2;FALSO;0,843;FALSO
1.1N/0.6P;1.1N;0.6P;3;248;7;0,838;4;32,6;32,6;FALSO;0,838;FALSO
1.8N/0.6P;1.8N;0.6P;3;250;7;0,64;1;10,2;10,2;FALSO;0,64;FALSO
1.8N/0.6P;1.8N;0.6P;3;250;7;0,789;2;11,3;11,3;FALSO;0,789;FALSO
1.8N/0.6P;1.8N;0.6P;3;250;7;0,797;3;20,3;20,3;FALSO;0,797;FALSO
1.8N/0.6P;1.8N;0.6P;3;250;7;0,867;4;19,8;19,8;FALSO;0,867;FALSO
1.8N/0.6P;1.8N;0.6P;3;251;7;0,982;1;18,3;18,3;FALSO;0,982;FALSO
1.8N/0.6P;1.8N;0.6P;3;251;7;0,755;2;14,4;14,4;FALSO;0,755;FALSO
1.8N/0.6P;1.8N;0.6P;3;251;7;0,782;3;17,8;17,8;FALSO;0,782;FALSO
1.8N/0.6P;1.8N;0.6P;3;251;7;0,802;4;14,1;14,1;FALSO;0,802;FALSO
2.5N/0.6P;2.5N;0.6P;3;260;7;0,768;1;33,1;33,1;FALSO;0,768;FALSO
2.5N/0.6P;2.5N;0.6P;3;260;7;0,801;2;26,3;26,3;FALSO;0,801;FALSO
2.5N/0.6P;2.5N;0.6P;3;260;7;0,776;3;31,5;31,5;FALSO;0,776;FALSO
2.5N/0.6P;2.5N;0.6P;3;260;7;0,914;4;35,3;35,3;FALSO;0,914;FALSO
2.5N/0.6P;2.5N;0.6P;3;263;7;0,739;1;16,8;16,8;FALSO;0,739;FALSO
2.5N/0.6P;2.5N;0.6P;3;263;7;0,709;2;15,6;15,6;FALSO;0,709;FALSO
2.5N/0.6P;2.5N;0.6P;3;263;7;0,577;3;12,9;12,9;FALSO;0,577;FALSO
2.5N/0.6P;2.5N;0.6P;3;263;7;0,719;4;15,4;15,4;FALSO;0,719;FALSO
0.0N/1.2P;0.0N;1.2P;3;269;7;0,829;1;15;15;FALSO;0,829;FALSO
0.0N/1.2P;0.0N;1.2P;3;269;7;0,74;2;14,4;14,4;FALSO;0,74;FALSO
0.0N/1.2P;0.0N;1.2P;3;269;7;0,797;3;17,8;17,8;FALSO;0,797;FALSO
0.0N/1.2P;0.0N;1.2P;3;269;7;0,786;4;12,7;12,7;FALSO;0,786;FALSO
1.1N/1.2P;1.1N;1.2P;3;273;7;0,799;1;20,5;20,5;FALSO;0,799;FALSO
1.1N/1.2P;1.1N;1.2P;3;273;7;0,761;2;22,9;22,9;FALSO;0,761;FALSO
1.1N/1.2P;1.1N;1.2P;3;273;7;0,736;3;22,3;22,3;FALSO;0,736;FALSO
1.1N/1.2P;1.1N;1.2P;3;273;7;0,69;4;14;14;FALSO;0,69;FALSO
1.1N/1.2P;1.1N;1.2P;3;278;7;0,658;1;11,6;11,6;FALSO;0,658;FALSO
1.1N/1.2P;1.1N;1.2P;3;278;7;0,822;2;15,1;15,1;FALSO;0,822;FALSO
1.1N/1.2P;1.1N;1.2P;3;278;7;0,519;3;10,9;10,9;FALSO;0,7495;VERDADERO
1.1N/1.2P;1.1N;1.2P;3;278;7;0,402;4;10,4;10,4;FALSO;0,7495;VERDADERO
1.8N/1.2P;1.8N;1.2P;3;283;7;0,784;1;10,7;10,7;FALSO;0,784;FALSO
1.8N/1.2P;1.8N;1.2P;3;283;7;1,121;2;18,4;18,4;FALSO;0,7225;VERDADERO
1.8N/1.2P;1.8N;1.2P;3;283;7;0,822;3;9,2;9,2;FALSO;0,822;FALSO
1.8N/1.2P;1.8N;1.2P;3;283;7;0,822;4;11,6;11,6;FALSO;0,822;FALSO
1.8N/1.2P;1.8N;1.2P;3;285;7;0,679;1;9;9;FALSO;0,679;FALSO
1.8N/1.2P;1.8N;1.2P;3;285;7;0,756;2;15;15;FALSO;0,756;FALSO
1.8N/1.2P;1.8N;1.2P;3;285;7;0,847;3;16,2;16,2;FALSO;0,847;FALSO
1.8N/1.2P;1.8N;1.2P;3;285;7;0,796;4;21,5;21,5;FALSO;0,796;FALSO
2.5N/1.2P;2.5N;1.2P;3;289;7;0,783;1;40,6;40,6;FALSO;0,783;FALSO
2.5N/1.2P;2.5N;1.2P;3;289;7;0,746;2;22,7;22,7;FALSO;0,746;FALSO
2.5N/1.2P;2.5N;1.2P;3;289;7;0,759;3;35,1;35,1;FALSO;0,759;FALSO
2.5N/1.2P;2.5N;1.2P;3;289;7;0,74;4;25,9;25,9;FALSO;0,74;FALSO
2.5N/1.2P;2.5N;1.2P;3;295;7;0,747;1;11,3;11,3;FALSO;0,747;FALSO
2.5N/1.2P;2.5N;1.2P;3;295;7;0,75;2;10,3;10,3;FALSO;0,75;FALSO
2.5N/1.2P;2.5N;1.2P;3;295;7;0,752;3;21,5;21,5;FALSO;0,752;FALSO
2.5N/1.2P;2.5N;1.2P;3;295;7;0,738;4;10,3;10,3;FALSO;0,738;FALSO
0.0N/1.2P;0.0N;1.2P;3;297;7;0,797;1;10,5;10,5;FALSO;0,797;FALSO
0.0N/1.2P;0.0N;1.2P;3;297;7;0,824;2;8,3;8,3;FALSO;0,824;FALSO
0.0N/1.2P;0.0N;1.2P;3;297;7;1,005;3;9;9;FALSO;0,7855;VERDADERO
0.0N/1.2P;0.0N;1.2P;3;297;7;0,945;4;11,4;11,4;FALSO;0,7855;VERDADERO
0.0N/0.0P;0.0N;0.0P;1;3;16;0,658;1;19,6;19,6;FALSO;0,658;FALSO
0.0N/0.0P;0.0N;0.0P;1;3;16;0,5;2;15;15;FALSO;0,777;VERDADERO
0.0N/0.0P;0.0N;0.0P;1;3;16;0,733;3;25;25;FALSO;0,733;FALSO
0.0N/0.0P;0.0N;0.0P;1;3;16;0,78;4;6;6;FALSO;0,78;FALSO
0.0N/0.0P;0.0N;0.0P;1;7;16;0,782;1;31,1;31,1;FALSO;0,782;FALSO
0.0N/0.0P;0.0N;0.0P;1;7;16;0,82;2;29,2;29,2;FALSO;0,82;FALSO
0.0N/0.0P;0.0N;0.0P;1;7;16;0,797;3;29,7;29,7;FALSO;0,797;FALSO
0.0N/0.0P;0.0N;0.0P;1;7;16;0,761;4;28,8;28,8;FALSO;0,761;FALSO
1.1N/0.0P;1.1N;0.0P;1;12;16;0,86;1;18,8;18,8;FALSO;0,86;FALSO
1.1N/0.0P;1.1N;0.0P;1;12;16;0,582;2;30,1;30,1;FALSO;0,749;VERDADERO
1.1N/0.0P;1.1N;0.0P;1;12;16;0,932;3;14,7;14,7;FALSO;0,749;VERDADERO
1.1N/0.0P;1.1N;0.0P;1;12;16;0,747;4;11,3;11,3;FALSO;0,747;FALSO
1.1N/0.0P;1.1N;0.0P;1;14;16;0,785;1;29,2;29,2;FALSO;0,785;FALSO
1.1N/0.0P;1.1N;0.0P;1;14;16;0,92;2;36,7;36,7;FALSO;0,749;VERDADERO
1.1N/0.0P;1.1N;0.0P;1;14;16;0,771;3;36,3;36,3;FALSO;0,771;FALSO
1.1N/0.0P;1.1N;0.0P;1;14;16;0,644;4;29,5;29,5;FALSO;0,644;FALSO
1.8N/0.0P;1.8N;0.0P;1;18;16;0,836;1;33,6;33,6;FALSO;0,836;FALSO
1.8N/0.0P;1.8N;0.0P;1;18;16;0,371;2;20,2;20,2;FALSO;0,371;FALSO
1.8N/0.0P;1.8N;0.0P;1;18;16;0,71;3;17,6;17,6;FALSO;0,71;FALSO
1.8N/0.0P;1.8N;0.0P;1;18;16;0,557;4;31,1;31,1;FALSO;0,557;FALSO
1.8N/0.0P;1.8N;0.0P;1;21;16;0,537;1;34,1;34,1;FALSO;0,537;FALSO
1.8N/0.0P;1.8N;0.0P;1;21;16;0,569;2;27,8;27,8;FALSO;0,569;FALSO
1.8N/0.0P;1.8N;0.0P;1;21;16;0,83;3;34,5;34,5;FALSO;0,83;FALSO
1.8N/0.0P;1.8N;0.0P;1;21;16;0,771;4;27;27;FALSO;0,771;FALSO
2.5N/0.0P;2.5N;0.0P;1;26;16;0,202;1;21,1;21,1;FALSO;0,202;FALSO
2.5N/0.0P;2.5N;0.0P;1;26;16;0,795;2;15,3;15,3;FALSO;0,795;FALSO
2.5N/0.0P;2.5N;0.0P;1;26;16;0,522;3;19,8;19,8;FALSO;0,522;FALSO
2.5N/0.0P;2.5N;0.0P;1;26;16;0,675;4;11,3;11,3;FALSO;0,675;FALSO
2.5N/0.0P;2.5N;0.0P;1;28;16;0,775;1;24,9;24,9;FALSO;0,775;FALSO
2.5N/0.0P;2.5N;0.0P;1;28;16;0,43;2;33;33;FALSO;0,43;FALSO
2.5N/0.0P;2.5N;0.0P;1;28;16;0,478;3;24,1;24,1;FALSO;0,478;FALSO
2.5N/0.0P;2.5N;0.0P;1;28;16;0,739;4;30,9;30,9;FALSO;0,739;FALSO
0.0N/0.6P;0.0N;0.6P;1;35;16;0,812;1;24,6;24,6;FALSO;0,812;FALSO
0.0N/0.6P;0.0N;0.6P;1;35;16;0,825;2;24;24;FALSO;0,825;FALSO
0.0N/0.6P;0.0N;0.6P;1;35;16;0,837;3;26,8;26,8;FALSO;0,837;FALSO
0.0N/0.6P;0.0N;0.6P;1;35;16;0,74;4;23,8;23,8;FALSO;0,74;FALSO
0.0N/0.6P;0.0N;0.6P;1;38;16;0,931;1;17,8;17,8;FALSO;0,7605;VERDADERO
0.0N/0.6P;0.0N;0.6P;1;38;16;0,733;2;23,6;23,6;FALSO;0,733;FALSO
0.0N/0.6P;0.0N;0.6P;1;38;16;0,711;3;15,4;15,4;FALSO;0,711;FALSO
0.0N/0.6P;0.0N;0.6P;1;38;16;0,733;4;22,8;22,8;FALSO;0,733;FALSO
1.1N/0.6P;1.1N;0.6P;1;43;16;0,716;1;40,4;40,4;FALSO;0,716;FALSO
1.1N/0.6P;1.1N;0.6P;1;43;16;0,809;2;23,2;23,2;FALSO;0,809;FALSO
1.1N/0.6P;1.1N;0.6P;1;43;16;0,717;3;18,2;18,2;FALSO;0,717;FALSO
1.1N/0.6P;1.1N;0.6P;1;43;16;0,771;4;18,1;18,1;FALSO;0,771;FALSO
1.1N/0.6P;1.1N;0.6P;1;45;16;0,284;1;40,3;40,3;FALSO;0,7385;VERDADERO
1.1N/0.6P;1.1N;0.6P;1;45;16;0,855;2;52,8;52,8;FALSO;0,855;FALSO
1.1N/0.6P;1.1N;0.6P;1;45;16;0,814;3;51,9;51,9;FALSO;0,814;FALSO
1.1N/0.6P;1.1N;0.6P;1;45;16;0,522;4;23,8;23,8;FALSO;0,522;FALSO
1.8N/0.6P;1.8N;0.6P;1;49;16;0,699;1;25,9;25,9;FALSO;0,699;FALSO
1.8N/0.6P;1.8N;0.6P;1;49;16;0,802;2;41,7;18,15;VERDADERO;0,802;FALSO
1.8N/0.6P;1.8N;0.6P;1;49;16;0,641;3;40,8;18,15;VERDADERO;0,641;FALSO
1.8N/0.6P;1.8N;0.6P;1;49;16;0,725;4;38,6;18,15;VERDADERO;0,725;FALSO
1.8N/0.6P;1.8N;0.6P;1;54;16;0,725;1;15,8;15,8;FALSO;0,725;FALSO
1.8N/0.6P;1.8N;0.6P;1;54;16;0,704;2;16;16;FALSO;0,704;FALSO
1.8N/0.6P;1.8N;0.6P;1;54;16;0,457;3;13,9;13,9;FALSO;0,457;FALSO
1.8N/0.6P;1.8N;0.6P;1;54;16;0,704;4;19,1;19,1;FALSO;0,704;FALSO
2.5N/0.6P;2.5N;0.6P;1;58;16;0,748;1;34,3;34,3;FALSO;0,748;FALSO
2.5N/0.6P;2.5N;0.6P;1;58;16;0,873;2;39,7;39,7;FALSO;0,873;FALSO
2.5N/0.6P;2.5N;0.6P;1;58;16;0,729;3;22,7;22,7;FALSO;0,729;FALSO
2.5N/0.6P;2.5N;0.6P;1;58;16;0,78;4;40,1;40,1;FALSO;0,78;FALSO
2.5N/0.6P;2.5N;0.6P;1;60;16;0,632;1;21,2;21,2;FALSO;0,632;FALSO
2.5N/0.6P;2.5N;0.6P;1;60;16;0,591;2;28,2;28,2;FALSO;0,591;FALSO
2.5N/0.6P;2.5N;0.6P;1;60;16;0,752;3;19,9;19,9;FALSO;0,752;FALSO
2.5N/0.6P;2.5N;0.6P;1;60;16;0,418;4;22,4;22,4;FALSO;0,7265;VERDADERO
0.0N/1.2P;0.0N;1.2P;1;66;16;0,9;1;30,6;13,85;VERDADERO;0,9;FALSO
0.0N/1.2P;0.0N;1.2P;1;66;16;0,815;2;21,4;21,4;FALSO;0,815;FALSO
0.0N/1.2P;0.0N;1.2P;1;66;16;0,753;3;17,9;17,9;FALSO;0,753;FALSO
0.0N/1.2P;0.0N;1.2P;1;66;16;0,796;4;21,5;21,5;FALSO;0,796;FALSO
0.0N/1.2P;0.0N;1.2P;1;70;16;0,862;1;9,9;9,9;FALSO;0,862;FALSO
0.0N/1.2P;0.0N;1.2P;1;70;16;0,767;2;19;19;FALSO;0,767;FALSO
0.0N/1.2P;0.0N;1.2P;1;70;16;0,831;3;17,4;17,4;FALSO;0,831;FALSO
0.0N/1.2P;0.0N;1.2P;1;70;16;0,826;4;15,8;15,8;FALSO;0,826;FALSO
1.1N/1.2P;1.1N;1.2P;1;75;16;0,81;1;27,9;27,9;FALSO;0,81;FALSO
1.1N/1.2P;1.1N;1.2P;1;75;16;0,828;2;27,5;27,5;FALSO;0,828;FALSO
1.1N/1.2P;1.1N;1.2P;1;75;16;0,812;3;27,6;27,6;FALSO;0,812;FALSO
1.1N/1.2P;1.1N;1.2P;1;75;16;0,794;4;26,7;26,7;FALSO;0,794;FALSO
1.1N/1.2P;1.1N;1.2P;1;78;16;0,783;1;30,6;30,6;FALSO;0,783;FALSO
1.1N/1.2P;1.1N;1.2P;1;78;16;0,767;2;38,1;38,1;FALSO;0,767;FALSO
1.1N/1.2P;1.1N;1.2P;1;78;16;0,811;3;36,2;36,2;FALSO;0,811;FALSO
1.1N/1.2P;1.1N;1.2P;1;78;16;0,595;4;39,3;39,3;FALSO;0,595;FALSO
1.8N/1.2P;1.8N;1.2P;1;84;16;0,889;1;33,8;33,8;FALSO;0,889;FALSO
1.8N/1.2P;1.8N;1.2P;1;84;16;0,496;2;46,9;21,1;VERDADERO;0,496;FALSO
1.8N/1.2P;1.8N;1.2P;1;84;16;0,716;3;40,4;40,4;FALSO;0,716;FALSO
1.8N/1.2P;1.8N;1.2P;1;84;16;0,841;4;40,8;40,8;FALSO;0,841;FALSO
1.8N/1.2P;1.8N;1.2P;1;86;16;0,758;1;59,6;21,1;VERDADERO;0,758;FALSO
1.8N/1.2P;1.8N;1.2P;1;86;16;0,261;2;39,6;39,6;FALSO;0,7225;VERDADERO
1.8N/1.2P;1.8N;1.2P;1;86;16;0,67;3;51,6;21,1;VERDADERO;0,67;FALSO
1.8N/1.2P;1.8N;1.2P;1;86;16;0,803;4;46,7;21,1;VERDADERO;0,803;FALSO
2.5N/1.2P;2.5N;1.2P;1;92;16;0,42;1;29,3;29,3;FALSO;0,735;VERDADERO
2.5N/1.2P;2.5N;1.2P;1;92;16;0,337;2;25,1;25,1;FALSO;0,735;VERDADERO
2.5N/1.2P;2.5N;1.2P;1;92;16;0,763;3;21,3;21,3;FALSO;0,763;FALSO
2.5N/1.2P;2.5N;1.2P;1;92;16;0,757;4;15,3;15,3;FALSO;0,757;FALSO
2.5N/1.2P;2.5N;1.2P;1;95;16;0,828;1;35,3;35,3;FALSO;0,828;FALSO
2.5N/1.2P;2.5N;1.2P;1;95;16;0,81;2;37;37;FALSO;0,81;FALSO
2.5N/1.2P;2.5N;1.2P;1;95;16;0,826;3;44,6;44,6;FALSO;0,826;FALSO
2.5N/1.2P;2.5N;1.2P;1;95;16;0,664;4;26,2;26,2;FALSO;0,664;FALSO
0.0N/0.0P;0.0N;0.0P;2;103;16;0,669;1;22,5;22,5;FALSO;0,669;FALSO
0.0N/0.0P;0.0N;0.0P;2;103;16;0,73;2;18,3;18,3;FALSO;0,73;FALSO
0.0N/0.0P;0.0N;0.0P;2;103;16;0,809;3;16,2;16,2;FALSO;0,809;FALSO
0.0N/0.0P;0.0N;0.0P;2;103;16;0,763;4;19;19;FALSO;0,763;FALSO
0.0N/0.0P;0.0N;0.0P;2;105;16;0,674;1;13,4;13,4;FALSO;0,674;FALSO
0.0N/0.0P;0.0N;0.0P;2;105;16;0,922;2;8,1;8,1;FALSO;0,922;FALSO
0.0N/0.0P;0.0N;0.0P;2;105;16;0,739;3;12,7;12,7;FALSO;0,739;FALSO
0.0N/0.0P;0.0N;0.0P;2;105;16;0,693;4;11,3;11,3;FALSO;0,693;FALSO
1.1N/0.0P;1.1N;0.0P;2;110;16;0,801;1;13,5;13,5;FALSO;0,801;FALSO
1.1N/0.0P;1.1N;0.0P;2;110;16;0,788;2;21,8;21,8;FALSO;0,788;FALSO
1.1N/0.0P;1.1N;0.0P;2;110;16;0,898;3;17,5;17,5;FALSO;0,749;VERDADERO
1.1N/0.0P;1.1N;0.0P;2;110;16;0,804;4;11,3;11,3;FALSO;0,804;FALSO
1.1N/0.0P;1.1N;0.0P;2;112;16;0,748;1;20,9;20,9;FALSO;0,748;FALSO
1.1N/0.0P;1.1N;0.0P;2;112;16;0,713;2;10,1;10,1;FALSO;0,713;FALSO
1.1N/0.0P;1.1N;0.0P;2;112;16;0,775;3;12;12;FALSO;0,775;FALSO
1.1N/0.0P;1.1N;0.0P;2;112;16;0,75;4;11,5;11,5;FALSO;0,75;FALSO
1.8N/0.0P;1.8N;0.0P;2;118;16;0,733;1;16,7;16,7;FALSO;0,733;FALSO
1.8N/0.0P;1.8N;0.0P;2;118;16;0,796;2;6,6;6,6;FALSO;0,796;FALSO
1.8N/0.0P;1.8N;0.0P;2;118;16;0,81;3;12;12;FALSO;0,81;FALSO
1.8N/0.0P;1.8N;0.0P;2;118;16;0,626;4;28;28;FALSO;0,626;FALSO
1.8N/0.0P;1.8N;0.0P;2;120;16;0,794;1;19,2;19,2;FALSO;0,794;FALSO
1.8N/0.0P;1.8N;0.0P;2;120;16;0,368;2;24,9;24,9;FALSO;0,368;FALSO
1.8N/0.0P;1.8N;0.0P;2;120;16;0,516;3;25,3;25,3;FALSO;0,516;FALSO
1.8N/0.0P;1.8N;0.0P;2;120;16;0,514;4;25,6;25,6;FALSO;0,514;FALSO
2.5N/0.0P;2.5N;0.0P;2;127;16;0,81;1;18,2;18,2;FALSO;0,81;FALSO
2.5N/0.0P;2.5N;0.0P;2;127;16;0,736;2;27,2;27,2;FALSO;0,736;FALSO
2.5N/0.0P;2.5N;0.0P;2;127;16;0,679;3;17,4;17,4;FALSO;0,679;FALSO
2.5N/0.0P;2.5N;0.0P;2;127;16;0,784;4;11,6;11,6;FALSO;0,784;FALSO
2.5N/0.0P;2.5N;0.0P;2;130;16;0,61;1;21,1;21,1;FALSO;0,61;FALSO
2.5N/0.0P;2.5N;0.0P;2;130;16;0,485;2;22,2;22,2;FALSO;0,485;FALSO
2.5N/0.0P;2.5N;0.0P;2;130;16;0,754;3;25,9;25,9;FALSO;0,754;FALSO
2.5N/0.0P;2.5N;0.0P;2;130;16;0,433;4;28,2;28,2;FALSO;0,433;FALSO
0.0N/0.6P;0.0N;0.6P;2;133;16;0,802;1;18,2;18,2;FALSO;0,802;FALSO
0.0N/0.6P;0.0N;0.6P;2;133;16;0,901;2;19,5;19,5;FALSO;0,7605;VERDADERO
0.0N/0.6P;0.0N;0.6P;2;133;16;0,768;3;15,7;15,7;FALSO;0,768;FALSO
0.0N/0.6P;0.0N;0.6P;2;133;16;0,779;4;12,6;12,6;FALSO;0,779;FALSO
0.0N/0.6P;0.0N;0.6P;2;137;16;0,767;1;17;17;FALSO;0,767;FALSO
0.0N/0.6P;0.0N;0.6P;2;137;16;0,797;2;13,6;13,6;FALSO;0,797;FALSO
0.0N/0.6P;0.0N;0.6P;2;137;16;0,866;3;12,4;12,4;FALSO;0,866;FALSO
0.0N/0.6P;0.0N;0.6P;2;137;16;0,733;4;15,1;15,1;FALSO;0,733;FALSO
1.1N/0.6P;1.1N;0.6P;2;142;16;0,688;1;14;14;FALSO;0,688;FALSO
1.1N/0.6P;1.1N;0.6P;2;142;16;0,794;2;26,1;26,1;FALSO;0,794;FALSO
1.1N/0.6P;1.1N;0.6P;2;142;16;0,724;3;23,1;23,1;FALSO;0,724;FALSO
1.1N/0.6P;1.1N;0.6P;2;142;16;0,758;4;27;27;FALSO;0,758;FALSO
1.1N/0.6P;1.1N;0.6P;2;144;16;0,061;1;22,4;22,4;FALSO;0,7385;VERDADERO
1.1N/0.6P;1.1N;0.6P;2;144;16;0,575;2;24;24;FALSO;0,575;FALSO
1.1N/0.6P;1.1N;0.6P;2;144;16;0,739;3;22;22;FALSO;0,739;FALSO
1.1N/0.6P;1.1N;0.6P;2;144;16;0,702;4;11,3;11,3;FALSO;0,702;FALSO
1.8N/0.6P;1.8N;0.6P;2;152;16;0,827;1;11;11;FALSO;0,827;FALSO
1.8N/0.6P;1.8N;0.6P;2;152;16;0,542;2;14,1;14,1;FALSO;0,542;FALSO
1.8N/0.6P;1.8N;0.6P;2;152;16;0,619;3;7,4;7,4;FALSO;0,619;FALSO
1.8N/0.6P;1.8N;0.6P;2;152;16;0,833;4;18,4;18,4;FALSO;0,833;FALSO
1.8N/0.6P;1.8N;0.6P;2;154;16;0,725;1;22,6;22,6;FALSO;0,725;FALSO
1.8N/0.6P;1.8N;0.6P;2;154;16;0,732;2;15,6;15,6;FALSO;0,732;FALSO
1.8N/0.6P;1.8N;0.6P;2;154;16;0,46;3;17,7;17,7;FALSO;0,46;FALSO
1.8N/0.6P;1.8N;0.6P;2;154;16;0,844;4;20,1;20,1;FALSO;0,844;FALSO
2.5N/0.6P;2.5N;0.6P;2;160;16;0,602;1;17,2;17,2;FALSO;0,602;FALSO
2.5N/0.6P;2.5N;0.6P;2;160;16;0,752;2;27,8;27,8;FALSO;0,752;FALSO
2.5N/0.6P;2.5N;0.6P;2;160;16;0,816;3;21,1;21,1;FALSO;0,816;FALSO
2.5N/0.6P;2.5N;0.6P;2;160;16;0,611;4;19,5;19,5;FALSO;0,611;FALSO
2.5N/0.6P;2.5N;0.6P;2;163;16;0,723;1;7,5;7,5;FALSO;0,723;FALSO
2.5N/0.6P;2.5N;0.6P;2;163;16;0,797;2;7,1;7,1;FALSO;0,797;FALSO
2.5N/0.6P;2.5N;0.6P;2;163;16;0,544;3;11,6;11,6;FALSO;0,544;FALSO
2.5N/0.6P;2.5N;0.6P;2;163;16;0,522;4;19,8;19,8;FALSO;0,522;FALSO
0.0N/1.2P;0.0N;1.2P;2;167;16;0,76;1;11,2;11,2;FALSO;0,76;FALSO
0.0N/1.2P;0.0N;1.2P;2;167;16;0,771;2;10,5;10,5;FALSO;0,771;FALSO
0.0N/1.2P;0.0N;1.2P;2;167;16;0,888;3;14,4;14,4;FALSO;0,888;FALSO
0.0N/1.2P;0.0N;1.2P;2;167;16;0,641;4;11,4;11,4;FALSO;0,7855;VERDADERO
0.0N/1.2P;0.0N;1.2P;2;171;16;0,8;1;5,6;5,6;FALSO;0,8;FALSO
0.0N/1.2P;0.0N;1.2P;2;171;16;0,903;2;10,2;10,2;FALSO;0,903;FALSO
0.0N/1.2P;0.0N;1.2P;2;171;16;0,893;3;9,4;9,4;FALSO;0,893;FALSO
0.0N/1.2P;0.0N;1.2P;2;171;16;0,752;4;10,5;10,5;FALSO;0,752;FALSO
1.1N/1.2P;1.1N;1.2P;2;174;16;0,808;1;29,7;29,7;FALSO;0,808;FALSO
1.1N/1.2P;1.1N;1.2P;2;174;16;0,904;2;25;25;FALSO;0,904;FALSO
1.1N/1.2P;1.1N;1.2P;2;174;16;0,764;3;23,5;23,5;FALSO;0,764;FALSO
1.1N/1.2P;1.1N;1.2P;2;174;16;0,78;4;22,5;22,5;FALSO;0,78;FALSO
1.1N/1.2P;1.1N;1.2P;2;177;16;0,747;1;21,7;21,7;FALSO;0,747;FALSO
1.1N/1.2P;1.1N;1.2P;2;177;16;0,579;2;23,4;23,4;FALSO;0,579;FALSO
1.1N/1.2P;1.1N;1.2P;2;177;16;0,701;3;38;38;FALSO;0,701;FALSO
1.1N/1.2P;1.1N;1.2P;2;177;16;0,878;4;28,5;28,5;FALSO;0,878;FALSO
1.8N/1.2P;1.8N;1.2P;2;182;16;0,662;1;21,6;21,6;FALSO;0,662;FALSO
1.8N/1.2P;1.8N;1.2P;2;182;16;0,793;2;19,9;19,9;FALSO;0,793;FALSO
1.8N/1.2P;1.8N;1.2P;2;182;16;0,694;3;33,7;33,7;FALSO;0,694;FALSO
1.8N/1.2P;1.8N;1.2P;2;182;16;0,815;4;21,5;21,5;FALSO;0,815;FALSO
1.8N/1.2P;1.8N;1.2P;2;185;16;0,669;1;19,7;19,7;FALSO;0,669;FALSO
1.8N/1.2P;1.8N;1.2P;2;185;16;0,391;2;15,8;15,8;FALSO;0,391;FALSO
1.8N/1.2P;1.8N;1.2P;2;185;16;0,838;3;11;11;FALSO;0,838;FALSO
1.8N/1.2P;1.8N;1.2P;2;185;16;0,84;4;4,8;4,8;FALSO;0,84;FALSO
2.5N/1.2P;2.5N;1.2P;2;191;16;0,396;1;16,7;16,7;FALSO;0,735;VERDADERO
2.5N/1.2P;2.5N;1.2P;2;191;16;0,39;2;18,8;18,8;FALSO;0,735;VERDADERO
2.5N/1.2P;2.5N;1.2P;2;191;16;0,68;3;20,2;20,2;FALSO;0,68;FALSO
2.5N/1.2P;2.5N;1.2P;2;191;16;0,818;4;25,4;25,4;FALSO;0,818;FALSO
2.5N/1.2P;2.5N;1.2P;2;195;16;0,673;1;8,7;8,7;FALSO;0,673;FALSO
2.5N/1.2P;2.5N;1.2P;2;195;16;0,633;2;9,6;9,6;FALSO;0,633;FALSO
2.5N/1.2P;2.5N;1.2P;2;195;16;0,418;3;9,2;9,2;FALSO;0,735;VERDADERO
2.5N/1.2P;2.5N;1.2P;2;195;16;0,635;4;8,9;8,9;FALSO;0,635;FALSO
0.0N/0.0P;0.0N;0.0P;3;204;16;0,641;1;8,7;8,7;FALSO;0,641;FALSO
0.0N/0.0P;0.0N;0.0P;3;204;16;0,49;2;9,6;9,6;FALSO;0,777;VERDADERO
0.0N/0.0P;0.0N;0.0P;3;204;16;0,816;3;9,2;9,2;FALSO;0,816;FALSO
0.0N/0.0P;0.0N;0.0P;3;204;16;0,8;4;8,9;8,9;FALSO;0,8;FALSO
0.0N/0.0P;0.0N;0.0P;3;206;16;0,728;1;20,9;20,9;FALSO;0,728;FALSO
0.0N/0.0P;0.0N;0.0P;3;206;16;0,794;2;19,3;19,3;FALSO;0,794;FALSO
0.0N/0.0P;0.0N;0.0P;3;206;16;0,882;3;22,1;22,1;FALSO;0,882;FALSO
0.0N/0.0P;0.0N;0.0P;3;206;16;0,879;4;24,1;24,1;FALSO;0,879;FALSO
1.1N/0.0P;1.1N;0.0P;3;211;16;0,813;1;32,3;32,3;FALSO;0,813;FALSO
1.1N/0.0P;1.1N;0.0P;3;211;16;0,673;2;14,5;14,5;FALSO;0,673;FALSO
1.1N/0.0P;1.1N;0.0P;3;211;16;0,786;3;13,9;13,9;FALSO;0,786;FALSO
1.1N/0.0P;1.1N;0.0P;3;211;16;0,73;4;32;32;FALSO;0,73;FALSO
1.1N/0.0P;1.1N;0.0P;3;213;16;0,574;1;46;46;FALSO;0,749;VERDADERO
1.1N/0.0P;1.1N;0.0P;3;213;16;0,777;2;51,4;51,4;FALSO;0,777;FALSO
1.1N/0.0P;1.1N;0.0P;3;213;16;0,765;3;47,3;47,3;FALSO;0,765;FALSO
1.1N/0.0P;1.1N;0.0P;3;213;16;0,781;4;42;42;FALSO;0,781;FALSO
1.8N/0.0P;1.8N;0.0P;3;219;16;0,719;1;16,5;16,5;FALSO;0,719;FALSO
1.8N/0.0P;1.8N;0.0P;3;219;16;0,623;2;26,2;26,2;FALSO;0,623;FALSO
1.8N/0.0P;1.8N;0.0P;3;219;16;0,8;3;19,5;19,5;FALSO;0,8;FALSO
1.8N/0.0P;1.8N;0.0P;3;219;16;0,589;4;21;21;FALSO;0,589;FALSO
1.8N/0.0P;1.8N;0.0P;3;221;16;0,866;1;21,8;21,8;FALSO;0,866;FALSO
1.8N/0.0P;1.8N;0.0P;3;221;16;0,746;2;17,8;17,8;FALSO;0,746;FALSO
1.8N/0.0P;1.8N;0.0P;3;221;16;0,73;3;10,6;10,6;FALSO;0,73;FALSO
1.8N/0.0P;1.8N;0.0P;3;221;16;0,762;4;17,2;17,2;FALSO;0,762;FALSO
2.5N/0.0P;2.5N;0.0P;3;226;16;0,385;1;21;21;FALSO;0,385;FALSO
2.5N/0.0P;2.5N;0.0P;3;226;16;0,435;2;24,8;24,8;FALSO;0,435;FALSO
2.5N/0.0P;2.5N;0.0P;3;226;16;0,603;3;21,5;21,5;FALSO;0,603;FALSO
2.5N/0.0P;2.5N;0.0P;3;226;16;0,739;4;19,8;19,8;FALSO;0,739;FALSO
2.5N/0.0P;2.5N;0.0P;3;227;16;0,556;1;12;12;FALSO;0,556;FALSO
2.5N/0.0P;2.5N;0.0P;3;227;16;0,463;2;11,3;11,3;FALSO;0,463;FALSO
2.5N/0.0P;2.5N;0.0P;3;227;16;0,704;3;11,3;11,3;FALSO;0,704;FALSO
2.5N/0.0P;2.5N;0.0P;3;227;16;0,637;4;21,5;21,5;FALSO;0,637;FALSO
0.0N/0.6P;0.0N;0.6P;3;235;16;0,832;1;21,4;21,4;FALSO;0,832;FALSO
0.0N/0.6P;0.0N;0.6P;3;235;16;0,6;2;20,6;20,6;FALSO;0,7605;VERDADERO
0.0N/0.6P;0.0N;0.6P;3;235;16;0,81;3;18,1;18,1;FALSO;0,81;FALSO
0.0N/0.6P;0.0N;0.6P;3;235;16;0,719;4;19,2;19,2;FALSO;0,719;FALSO
0.0N/0.6P;0.0N;0.6P;3;239;16;0,615;1;19,9;19,9;FALSO;0,7605;VERDADERO
0.0N/0.6P;0.0N;0.6P;3;239;16;0,756;2;20,7;20,7;FALSO;0,756;FALSO
0.0N/0.6P;0.0N;0.6P;3;239;16;0,767;3;21,2;21,2;FALSO;0,767;FALSO
0.0N/0.6P;0.0N;0.6P;3;239;16;0,734;4;20,9;20,9;FALSO;0,734;FALSO
1.1N/0.6P;1.1N;0.6P;3;241;16;0,829;1;12,6;12,6;FALSO;0,829;FALSO
1.1N/0.6P;1.1N;0.6P;3;241;16;0,516;2;17,6;17,6;FALSO;0,516;FALSO
1.1N/0.6P;1.1N;0.6P;3;241;16;0,774;3;13,3;13,3;FALSO;0,774;FALSO
1.1N/0.6P;1.1N;0.6P;3;241;16;0,655;4;11,1;11,1;FALSO;0,655;FALSO
1.1N/0.6P;1.1N;0.6P;3;245;16;0,363;1;22,2;22,2;FALSO;0,7385;VERDADERO
1.1N/0.6P;1.1N;0.6P;3;245;16;0,793;2;23,9;23,9;FALSO;0,793;FALSO
1.1N/0.6P;1.1N;0.6P;3;245;16;0,429;3;41,6;41,6;FALSO;0,7385;VERDADERO
1.1N/0.6P;1.1N;0.6P;3;245;16;0,478;4;46,7;46,7;FALSO;0,7385;VERDADERO
1.8N/0.6P;1.8N;0.6P;3;253;16;0,812;1;6,6;6,6;FALSO;0,812;FALSO
1.8N/0.6P;1.8N;0.6P;3;253;16;0,465;2;4,3;4,3;FALSO;0,465;FALSO
1.8N/0.6P;1.8N;0.6P;3;253;16;0,767;3;6,9;6,9;FALSO;0,767;FALSO
1.8N/0.6P;1.8N;0.6P;3;253;16;0,596;4;10,3;10,3;FALSO;0,596;FALSO
1.8N/0.6P;1.8N;0.6P;3;255;16;0,692;1;29,1;29,1;FALSO;0,692;FALSO
1.8N/0.6P;1.8N;0.6P;3;255;16;0,693;2;22,2;22,2;FALSO;0,693;FALSO
1.8N/0.6P;1.8N;0.6P;3;255;16;0,787;3;31,4;31,4;FALSO;0,787;FALSO
1.8N/0.6P;1.8N;0.6P;3;255;16;0,771;4;12,9;12,9;FALSO;0,771;FALSO
2.5N/0.6P;2.5N;0.6P;3;258;16;0,743;1;14,4;14,4;FALSO;0,743;FALSO
2.5N/0.6P;2.5N;0.6P;3;258;16;0,747;2;23,6;23,6;FALSO;0,747;FALSO
2.5N/0.6P;2.5N;0.6P;3;258;16;0,636;3;33,6;33,6;FALSO;0,636;FALSO
2.5N/0.6P;2.5N;0.6P;3;258;16;0,779;4;20,4;20,4;FALSO;0,779;FALSO
2.5N/0.6P;2.5N;0.6P;3;261;16;0,675;1;28,5;28,5;FALSO;0,675;FALSO
2.5N/0.6P;2.5N;0.6P;3;261;16;0,62;2;33,9;33,9;FALSO;0,62;FALSO
2.5N/0.6P;2.5N;0.6P;3;261;16;0,764;3;16,8;16,8;FALSO;0,764;FALSO
2.5N/0.6P;2.5N;0.6P;3;261;16;0,785;4;29;29;FALSO;0,785;FALSO
0.0N/1.2P;0.0N;1.2P;3;266;16;0,76;1;15,3;15,3;FALSO;0,76;FALSO
0.0N/1.2P;0.0N;1.2P;3;266;16;0,766;2;16,2;16,2;FALSO;0,766;FALSO
0.0N/1.2P;0.0N;1.2P;3;266;16;0,779;3;14,2;14,2;FALSO;0,779;FALSO
0.0N/1.2P;0.0N;1.2P;3;266;16;0,776;4;16,5;16,5;FALSO;0,776;FALSO
0.0N/1.2P;0.0N;1.2P;3;268;16;0,739;1;15,8;15,8;FALSO;0,739;FALSO
0.0N/1.2P;0.0N;1.2P;3;268;16;0,776;2;11,7;11,7;FALSO;0,776;FALSO
0.0N/1.2P;0.0N;1.2P;3;268;16;0,771;3;12,5;12,5;FALSO;0,771;FALSO
0.0N/1.2P;0.0N;1.2P;3;268;16;0,787;4;11,3;11,3;FALSO;0,787;FALSO
1.1N/1.2P;1.1N;1.2P;3;274;16;0,768;1;19,6;19,6;FALSO;0,768;FALSO
1.1N/1.2P;1.1N;1.2P;3;274;16;0,802;2;39,6;39,6;FALSO;0,802;FALSO
1.1N/1.2P;1.1N;1.2P;3;274;16;0,74;3;24,9;24,9;FALSO;0,74;FALSO
1.1N/1.2P;1.1N;1.2P;3;274;16;0,522;4;20,8;20,8;FALSO;0,7495;VERDADERO
1.1N/1.2P;1.1N;1.2P;3;276;16;0,74;1;28,8;28,8;FALSO;0,74;FALSO
1.1N/1.2P;1.1N;1.2P;3;276;16;0,77;2;30,6;30,6;FALSO;0,77;FALSO
1.1N/1.2P;1.1N;1.2P;3;276;16;0,709;3;28,6;28,6;FALSO;0,709;FALSO
1.1N/1.2P;1.1N;1.2P;3;276;16;0,76;4;26,6;26,6;FALSO;0,76;FALSO
1.8N/1.2P;1.8N;1.2P;3;281;16;0,606;1;27,4;27,4;FALSO;0,606;FALSO
1.8N/1.2P;1.8N;1.2P;3;281;16;0,503;2;21,2;21,2;FALSO;0,503;FALSO
1.8N/1.2P;1.8N;1.2P;3;281;16;0,751;3;23,6;23,6;FALSO;0,751;FALSO
1.8N/1.2P;1.8N;1.2P;3;281;16;0,564;4;19,8;19,8;FALSO;0,564;FALSO
1.8N/1.2P;1.8N;1.2P;3;284;16;0,538;1;24,9;24,9;FALSO;0,538;FALSO
1.8N/1.2P;1.8N;1.2P;3;284;16;0,704;2;26,4;26,4;FALSO;0,704;FALSO
1.8N/1.2P;1.8N;1.2P;3;284;16;0,488;3;22,7;22,7;FALSO;0,488;FALSO
1.8N/1.2P;1.8N;1.2P;3;284;16;0,283;4;24,2;24,2;FALSO;0,7225;VERDADERO
2.5N/1.2P;2.5N;1.2P;3;290;16;0,66;1;39,1;39,1;FALSO;0,66;FALSO
2.5N/1.2P;2.5N;1.2P;3;290;16;0,718;2;41,3;41,3;FALSO;0,718;FALSO
2.5N/1.2P;2.5N;1.2P;3;290;16;0,485;3;11,3;11,3;FALSO;0,735;VERDADERO
2.5N/1.2P;2.5N;1.2P;3;290;16;0,564;4;11,6;11,6;FALSO;0,564;FALSO
2.5N/1.2P;2.5N;1.2P;3;294;16;0,775;1;17;17;FALSO;0,775;FALSO
2.5N/1.2P;2.5N;1.2P;3;294;16;0,757;2;18,1;18,1;FALSO;0,757;FALSO
2.5N/1.2P;2.5N;1.2P;3;294;16;0,756;3;19,2;19,2;FALSO;0,756;FALSO
2.5N/1.2P;2.5N;1.2P;3;294;16;0,779;4;22,4;22,4;FALSO;0,779;FALSO
0.0N/0.0P;0.0N;0.0P;1;2;25;0,725;1;17,2;17,2;FALSO;0,725;FALSO
0.0N/0.0P;0.0N;0.0P;1;2;25;0,701;2;16,2;16,2;FALSO;0,701;FALSO
0.0N/0.0P;0.0N;0.0P;1;2;25;0,71;3;12,7;12,7;FALSO;0,71;FALSO
0.0N/0.0P;0.0N;0.0P;1;2;25;0,747;4;19,1;19,1;FALSO;0,747;FALSO
0.0N/0.0P;0.0N;0.0P;1;4;25;0,778;1;19,9;19,9;FALSO;0,778;FALSO
0.0N/0.0P;0.0N;0.0P;1;4;25;0,744;2;13,9;13,9;FALSO;0,744;FALSO
0.0N/0.0P;0.0N;0.0P;1;4;25;0,766;3;14,4;14,4;FALSO;0,766;FALSO
0.0N/0.0P;0.0N;0.0P;1;4;25;0,71;4;13,9;13,9;FALSO;0,71;FALSO
1.1N/0.0P;1.1N;0.0P;1;11;25;0,724;1;34,8;34,8;FALSO;0,724;FALSO
1.1N/0.0P;1.1N;0.0P;1;11;25;0,662;2;30,6;30,6;FALSO;0,662;FALSO
1.1N/0.0P;1.1N;0.0P;1;11;25;0,75;3;27,3;27,3;FALSO;0,75;FALSO
1.1N/0.0P;1.1N;0.0P;1;11;25;0,621;4;24,2;24,2;FALSO;0,621;FALSO
1.1N/0.0P;1.1N;0.0P;1;16;25;0,747;1;23,7;23,7;FALSO;0,747;FALSO
1.1N/0.0P;1.1N;0.0P;1;16;25;0,719;2;20,5;20,5;FALSO;0,719;FALSO
1.1N/0.0P;1.1N;0.0P;1;16;25;0,769;3;24,9;24,9;FALSO;0,769;FALSO
1.1N/0.0P;1.1N;0.0P;1;16;25;0,754;4;20,2;20,2;FALSO;0,754;FALSO
1.8N/0.0P;1.8N;0.0P;1;24;25;0,627;1;21,1;21,1;FALSO;0,627;FALSO
1.8N/0.0P;1.8N;0.0P;1;24;25;0,676;2;23,2;23,2;FALSO;0,676;FALSO
1.8N/0.0P;1.8N;0.0P;1;24;25;0,667;3;21,2;21,2;FALSO;0,667;FALSO
1.8N/0.0P;1.8N;0.0P;1;24;25;0,644;4;24,1;24,1;FALSO;0,644;FALSO
2.5N/0.0P;2.5N;0.0P;1;30;25;0,72;1;24,3;24,3;FALSO;0,72;FALSO
2.5N/0.0P;2.5N;0.0P;1;30;25;0,702;2;13,4;13,4;FALSO;0,702;FALSO
2.5N/0.0P;2.5N;0.0P;1;30;25;0,532;3;18;18;FALSO;0,532;FALSO
2.5N/0.0P;2.5N;0.0P;1;30;25;0,613;4;17,2;17,2;FALSO;0,613;FALSO
0.0N/0.6P;0.0N;0.6P;1;39;25;0,789;1;15,3;15,3;FALSO;0,789;FALSO
0.0N/0.6P;0.0N;0.6P;1;39;25;0,738;2;11;11;FALSO;0,738;FALSO
0.0N/0.6P;0.0N;0.6P;1;39;25;0,767;3;8,5;8,5;FALSO;0,767;FALSO
0.0N/0.6P;0.0N;0.6P;1;39;25;0,723;4;21,5;21,5;FALSO;0,723;FALSO
0.0N/0.6P;0.0N;0.6P;1;40;25;0,747;1;16,9;16,9;FALSO;0,747;FALSO
0.0N/0.6P;0.0N;0.6P;1;40;25;0,66;2;18,3;18,3;FALSO;0,66;FALSO
0.0N/0.6P;0.0N;0.6P;1;40;25;0,762;3;16,3;16,3;FALSO;0,762;FALSO
0.0N/0.6P;0.0N;0.6P;1;40;25;0,76;4;16,6;16,6;FALSO;0,76;FALSO
1.1N/0.6P;1.1N;0.6P;1;44;25;0,698;1;16,9;16,9;FALSO;0,698;FALSO
1.1N/0.6P;1.1N;0.6P;1;44;25;0,662;2;26,4;26,4;FALSO;0,662;FALSO
1.1N/0.6P;1.1N;0.6P;1;44;25;0,607;3;14,3;14,3;FALSO;0,607;FALSO
1.1N/0.6P;1.1N;0.6P;1;44;25;0,768;4;22,5;22,5;FALSO;0,768;FALSO
1.1N/0.6P;1.1N;0.6P;1;48;25;0,723;1;40,1;40,1;FALSO;0,723;FALSO
1.1N/0.6P;1.1N;0.6P;1;48;25;0,682;2;35,1;35,1;FALSO;0,682;FALSO
1.1N/0.6P;1.1N;0.6P;1;48;25;0,679;3;21,9;21,9;FALSO;0,679;FALSO
1.1N/0.6P;1.1N;0.6P;1;48;25;0,72;4;38,4;38,4;FALSO;0,72;FALSO
1.8N/0.6P;1.8N;0.6P;1;51;25;0,545;1;14,6;14,6;FALSO;0,545;FALSO
1.8N/0.6P;1.8N;0.6P;1;51;25;0,39;2;22,7;22,7;FALSO;0,71;VERDADERO
1.8N/0.6P;1.8N;0.6P;1;51;25;0,712;3;21,5;21,5;FALSO;0,712;FALSO
1.8N/0.6P;1.8N;0.6P;1;51;25;0,5;4;21,5;21,5;FALSO;0,5;FALSO
2.5N/0.6P;2.5N;0.6P;1;59;25;0,622;1;15,4;15,4;FALSO;0,622;FALSO
2.5N/0.6P;2.5N;0.6P;1;59;25;0,66;2;32,9;32,9;FALSO;0,66;FALSO
2.5N/0.6P;2.5N;0.6P;1;59;25;0,73;3;30,7;30,7;FALSO;0,73;FALSO
2.5N/0.6P;2.5N;0.6P;1;59;25;0,723;4;26,5;26,5;FALSO;0,723;FALSO
1.8N/0.6P;1.8N;0.6P;1;56;25;0,645;1;31,5;31,5;FALSO;0,645;FALSO
1.8N/0.6P;1.8N;0.6P;1;56;25;0,608;2;37;18,15;VERDADERO;0,608;FALSO
1.8N/0.6P;1.8N;0.6P;1;56;25;0,708;3;16,7;16,7;FALSO;0,708;FALSO
1.8N/0.6P;1.8N;0.6P;1;56;25;0,633;4;16,2;16,2;FALSO;0,633;FALSO
0.0N/1.2P;0.0N;1.2P;1;65;25;0,756;1;14,4;14,4;FALSO;0,756;FALSO
0.0N/1.2P;0.0N;1.2P;1;65;25;0,75;2;15,8;15,8;FALSO;0,75;FALSO
0.0N/1.2P;0.0N;1.2P;1;65;25;0,704;3;9,9;9,9;FALSO;0,704;FALSO
0.0N/1.2P;0.0N;1.2P;1;65;25;0,746;4;16,2;16,2;FALSO;0,746;FALSO
0.0N/1.2P;0.0N;1.2P;1;67;25;0,789;1;14,8;14,8;FALSO;0,789;FALSO
0.0N/1.2P;0.0N;1.2P;1;67;25;0,779;2;17,4;17,4;FALSO;0,779;FALSO
0.0N/1.2P;0.0N;1.2P;1;67;25;0,759;3;14,1;14,1;FALSO;0,759;FALSO
0.0N/1.2P;0.0N;1.2P;1;67;25;0,778;4;11,6;11,6;FALSO;0,778;FALSO
1.1N/1.2P;1.1N;1.2P;1;73;25;0,72;1;26;26;FALSO;0,72;FALSO
1.1N/1.2P;1.1N;1.2P;1;73;25;0,723;2;27,9;27,9;FALSO;0,723;FALSO
1.1N/1.2P;1.1N;1.2P;1;73;25;0,741;3;24,6;24,6;FALSO;0,741;FALSO
1.1N/1.2P;1.1N;1.2P;1;73;25;0,667;4;26,4;26,4;FALSO;0,667;FALSO
1.1N/1.2P;1.1N;1.2P;1;79;25;0,793;1;40,4;40,4;FALSO;0,793;FALSO
1.1N/1.2P;1.1N;1.2P;1;79;25;0,769;2;32,7;32,7;FALSO;0,769;FALSO
1.1N/1.2P;1.1N;1.2P;1;79;25;0,73;3;44,7;24,95;VERDADERO;0,73;FALSO
1.1N/1.2P;1.1N;1.2P;1;79;25;0,783;4;19,8;19,8;FALSO;0,783;FALSO
1.8N/1.2P;1.8N;1.2P;1;87;25;0,754;1;20,4;20,4;FALSO;0,754;FALSO
1.8N/1.2P;1.8N;1.2P;1;87;25;0,772;2;20,9;20,9;FALSO;0,772;FALSO
1.8N/1.2P;1.8N;1.2P;1;87;25;0,615;3;22,5;22,5;FALSO;0,615;FALSO
1.8N/1.2P;1.8N;1.2P;1;87;25;0,746;4;20,8;20,8;FALSO;0,746;FALSO
1.8N/1.2P;1.8N;1.2P;1;88;25;0,729;1;11,3;11,3;FALSO;0,729;FALSO
1.8N/1.2P;1.8N;1.2P;1;88;25;0,776;2;11,6;11,6;FALSO;0,776;FALSO
1.8N/1.2P;1.8N;1.2P;1;88;25;0,771;3;21,5;21,5;FALSO;0,771;FALSO
1.8N/1.2P;1.8N;1.2P;1;88;25;0,564;4;11,3;11,3;FALSO;0,564;FALSO
2.5N/1.2P;2.5N;1.2P;1;90;25;0,741;1;14,7;14,7;FALSO;0,741;FALSO
2.5N/1.2P;2.5N;1.2P;1;90;25;0,72;2;17,5;17,5;FALSO;0,72;FALSO
2.5N/1.2P;2.5N;1.2P;1;90;25;0,757;3;16;16;FALSO;0,757;FALSO
2.5N/1.2P;2.5N;1.2P;1;90;25;0,727;4;21,2;21,2;FALSO;0,727;FALSO
2.5N/1.2P;2.5N;1.2P;1;93;25;0,66;1;15,7;15,7;FALSO;0,66;FALSO
2.5N/1.2P;2.5N;1.2P;1;93;25;0,72;2;21;21;FALSO;0,72;FALSO
2.5N/1.2P;2.5N;1.2P;1;93;25;0,758;3;8,2;8,2;FALSO;0,758;FALSO
2.5N/1.2P;2.5N;1.2P;1;93;25;0,608;4;14,8;14,8;FALSO;0,608;FALSO
0.0N/0.0P;0.0N;0.0P;1;97;25;0,804;1;17,7;17,7;FALSO;0,804;FALSO
0.0N/0.0P;0.0N;0.0P;1;97;25;0,782;2;17,6;17,6;FALSO;0,782;FALSO
0.0N/0.0P;0.0N;0.0P;1;97;25;0,812;3;11,3;11,3;FALSO;0,812;FALSO
0.0N/0.0P;0.0N;0.0P;1;97;25;0,793;4;11,3;11,3;FALSO;0,793;FALSO
1.8N/0.0P;1.8N;0.0P;1;99;25;0,66;1;38,1;20,95;VERDADERO;0,66;FALSO
1.8N/0.0P;1.8N;0.0P;1;99;25;0,474;2;28,7;28,7;FALSO;0,474;FALSO
1.8N/0.0P;1.8N;0.0P;1;99;25;0,783;3;29,8;29,8;FALSO;0,783;FALSO
1.8N/0.0P;1.8N;0.0P;1;99;25;0,583;4;19,8;19,8;FALSO;0,583;FALSO
0.0N/0.0P;0.0N;0.0P;2;102;25;0,796;1;20,5;20,5;FALSO;0,796;FALSO
0.0N/0.0P;0.0N;0.0P;2;102;25;0,731;2;20,9;20,9;FALSO;0,731;FALSO
0.0N/0.0P;0.0N;0.0P;2;102;25;0,839;3;14,9;14,9;FALSO;0,839;FALSO
0.0N/0.0P;0.0N;0.0P;2;102;25;0,808;4;10,3;10,3;FALSO;0,808;FALSO
0.0N/0.0P;0.0N;0.0P;2;106;25;0,739;1;20,7;20,7;FALSO;0,739;FALSO
0.0N/0.0P;0.0N;0.0P;2;106;25;0,773;2;21;21;FALSO;0,773;FALSO
0.0N/0.0P;0.0N;0.0P;2;106;25;0,733;3;19,8;19,8;FALSO;0,733;FALSO
0.0N/0.0P;0.0N;0.0P;2;106;25;0,581;4;10,3;10,3;FALSO;0,777;VERDADERO
1.1N/0.0P;1.1N;0.0P;2;111;25;0,756;1;43,3;43,3;FALSO;0,756;FALSO
1.1N/0.0P;1.1N;0.0P;2;111;25;0,773;2;34,3;34,3;FALSO;0,773;FALSO
1.1N/0.0P;1.1N;0.0P;2;111;25;0,75;3;33,4;33,4;FALSO;0,75;FALSO
1.1N/0.0P;1.1N;0.0P;2;111;25;0,789;4;10,3;10,3;FALSO;0,789;FALSO
1.1N/0.0P;1.1N;0.0P;2;114;25;0,605;1;19;19;FALSO;0,749;VERDADERO
1.1N/0.0P;1.1N;0.0P;2;114;25;0,763;2;16,5;16,5;FALSO;0,763;FALSO
1.1N/0.0P;1.1N;0.0P;2;114;25;0,699;3;12,4;12,4;FALSO;0,699;FALSO
1.1N/0.0P;1.1N;0.0P;2;114;25;0,677;4;32;32;FALSO;0,677;FALSO
1.8N/0.0P;1.8N;0.0P;2;117;25;0,615;1;25,1;25,1;FALSO;0,615;FALSO
1.8N/0.0P;1.8N;0.0P;2;117;25;0,667;2;24,1;24,1;FALSO;0,667;FALSO
1.8N/0.0P;1.8N;0.0P;2;117;25;0,764;3;24,2;24,2;FALSO;0,764;FALSO
1.8N/0.0P;1.8N;0.0P;2;117;25;0,703;4;23,7;23,7;FALSO;0,703;FALSO
1.8N/0.0P;1.8N;0.0P;2;124;25;0,571;1;37,9;20,95;VERDADERO;0,571;FALSO
1.8N/0.0P;1.8N;0.0P;2;124;25;0,514;2;26,9;26,9;FALSO;0,514;FALSO
1.8N/0.0P;1.8N;0.0P;2;124;25;0,582;3;11,3;11,3;FALSO;0,582;FALSO
1.8N/0.0P;1.8N;0.0P;2;124;25;0,574;4;11,6;11,6;FALSO;0,574;FALSO
2.5N/0.0P;2.5N;0.0P;2;125;25;0,564;1;10,3;10,3;FALSO;0,564;FALSO
2.5N/0.0P;2.5N;0.0P;2;125;25;0,522;2;19,8;19,8;FALSO;0,522;FALSO
2.5N/0.0P;2.5N;0.0P;2;125;25;0,771;3;11,6;11,6;FALSO;0,771;FALSO
2.5N/0.0P;2.5N;0.0P;2;125;25;0,635;4;21,5;21,5;FALSO;0,635;FALSO
0.0N/0.6P;0.0N;0.6P;2;135;25;0,769;1;140;18,8;VERDADERO;0,769;FALSO
0.0N/0.6P;0.0N;0.6P;2;135;25;0,78;2;19,8;19,8;FALSO;0,78;FALSO
0.0N/0.6P;0.0N;0.6P;2;135;25;0,774;3;11,3;11,3;FALSO;0,774;FALSO
0.0N/0.6P;0.0N;0.6P;2;135;25;0,79;4;21,5;21,5;FALSO;0,79;FALSO
0.0N/0.6P;0.0N;0.6P;2;140;25;0,75;1;15,8;15,8;FALSO;0,75;FALSO
0.0N/0.6P;0.0N;0.6P;2;140;25;0,75;2;12,7;12,7;FALSO;0,75;FALSO
0.0N/0.6P;0.0N;0.6P;2;140;25;0,806;3;14;14;FALSO;0,806;FALSO
0.0N/0.6P;0.0N;0.6P;2;140;25;0,811;4;19,8;19,8;FALSO;0,811;FALSO
1.1N/0.6P;1.1N;0.6P;2;141;25;0,667;1;24,9;24,9;FALSO;0,667;FALSO
1.1N/0.6P;1.1N;0.6P;2;141;25;0,746;2;12;12;FALSO;0,746;FALSO
1.1N/0.6P;1.1N;0.6P;2;141;25;0,754;3;14,9;14,9;FALSO;0,754;FALSO
1.1N/0.6P;1.1N;0.6P;2;141;25;0,786;4;11,3;11,3;FALSO;0,786;FALSO
1.1N/0.6P;1.1N;0.6P;2;147;25;0,674;1;33,1;33,1;FALSO;0,674;FALSO
1.1N/0.6P;1.1N;0.6P;2;147;25;0,552;2;27,8;27,8;FALSO;0,552;FALSO
1.1N/0.6P;1.1N;0.6P;2;147;25;0,633;3;39,2;39,2;FALSO;0,633;FALSO
1.1N/0.6P;1.1N;0.6P;2;147;25;0,433;4;39,6;39,6;FALSO;0,7385;VERDADERO
1.8N/0.6P;1.8N;0.6P;2;153;25;0,688;1;23,3;23,3;FALSO;0,688;FALSO
1.8N/0.6P;1.8N;0.6P;2;153;25;0,653;2;11,6;11,6;FALSO;0,653;FALSO
1.8N/0.6P;1.8N;0.6P;2;153;25;0,417;3;10,3;10,3;FALSO;0,417;FALSO
1.8N/0.6P;1.8N;0.6P;2;153;25;0,333;4;19,8;19,8;FALSO;0,71;VERDADERO
1.8N/0.6P;1.8N;0.6P;2;155;25;0,7;1;18;18;FALSO;0,7;FALSO
1.8N/0.6P;1.8N;0.6P;2;155;25;0,689;2;20,5;20,5;FALSO;0,689;FALSO
1.8N/0.6P;1.8N;0.6P;2;155;25;0,717;3;14,9;14,9;FALSO;0,717;FALSO
1.8N/0.6P;1.8N;0.6P;2;155;25;0,667;4;19,5;19,5;FALSO;0,667;FALSO
0.0N/1.2P;0.0N;1.2P;2;166;25;0,785;1;23,5;23,5;FALSO;0,785;FALSO
0.0N/1.2P;0.0N;1.2P;2;166;25;0,74;2;22,9;22,9;FALSO;0,74;FALSO
0.0N/1.2P;0.0N;1.2P;2;166;25;0,818;3;29,2;13,85;VERDADERO;0,818;FALSO
0.0N/1.2P;0.0N;1.2P;2;166;25;0,738;4;25,9;25,9;FALSO;0,738;FALSO
0.0N/1.2P;0.0N;1.2P;2;168;25;0,754;1;10;10;FALSO;0,754;FALSO
0.0N/1.2P;0.0N;1.2P;2;168;25;0,8;2;10,4;10,4;FALSO;0,8;FALSO
0.0N/1.2P;0.0N;1.2P;2;168;25;0,811;3;9,2;9,2;FALSO;0,811;FALSO
0.0N/1.2P;0.0N;1.2P;2;168;25;0,75;4;10,3;10,3;FALSO;0,75;FALSO
1.1N/1.2P;1.1N;1.2P;2;176;25;0,712;1;24,5;24,5;FALSO;0,712;FALSO
1.1N/1.2P;1.1N;1.2P;2;176;25;0,621;2;23,3;23,3;FALSO;0,621;FALSO
1.1N/1.2P;1.1N;1.2P;2;176;25;0,65;3;24,1;24,1;FALSO;0,65;FALSO
1.1N/1.2P;1.1N;1.2P;2;176;25;0,629;4;24,4;24,4;FALSO;0,629;FALSO
1.1N/1.2P;1.1N;1.2P;2;179;25;0,644;1;29,7;29,7;FALSO;0,644;FALSO
1.1N/1.2P;1.1N;1.2P;2;179;25;0,571;2;27,7;27,7;FALSO;0,571;FALSO
1.1N/1.2P;1.1N;1.2P;2;179;25;0,667;3;34,8;34,8;FALSO;0,667;FALSO
1.1N/1.2P;1.1N;1.2P;2;179;25;0,619;4;40,5;40,5;FALSO;0,619;FALSO
1.8N/1.2P;1.8N;1.2P;2;181;25;0,5;1;28,3;28,3;FALSO;0,5;FALSO
1.8N/1.2P;1.8N;1.2P;2;181;25;0,618;2;32,7;32,7;FALSO;0,618;FALSO
1.8N/1.2P;1.8N;1.2P;2;181;25;0,6;3;43;43;FALSO;0,6;FALSO
1.8N/1.2P;1.8N;1.2P;2;181;25;0,734;4;11,3;11,3;FALSO;0,734;FALSO
1.8N/1.2P;1.8N;1.2P;2;186;25;0,583;1;31,2;31,2;FALSO;0,583;FALSO
1.8N/1.2P;1.8N;1.2P;2;186;25;0,538;2;38,6;38,6;FALSO;0,538;FALSO
1.8N/1.2P;1.8N;1.2P;2;186;25;0,531;3;22,6;22,6;FALSO;0,531;FALSO
1.8N/1.2P;1.8N;1.2P;2;186;25;0,764;4;19,8;19,8;FALSO;0,764;FALSO
0.0N/0.0P;0.0N;0.0P;3;202;25;0,709;1;24,4;24,4;FALSO;0,709;FALSO
0.0N/0.0P;0.0N;0.0P;3;202;25;0,776;2;24,7;24,7;FALSO;0,776;FALSO
0.0N/0.0P;0.0N;0.0P;3;202;25;0,813;3;19;19;FALSO;0,813;FALSO
0.0N/0.0P;0.0N;0.0P;3;202;25;0,785;4;11,3;11,3;FALSO;0,785;FALSO
0.0N/0.0P;0.0N;0.0P;3;203;25;0,731;1;13,9;13,9;FALSO;0,731;FALSO
0.0N/0.0P;0.0N;0.0P;3;203;25;0,764;2;14;14;FALSO;0,764;FALSO
0.0N/0.0P;0.0N;0.0P;3;203;25;0,674;3;15,9;15,9;FALSO;0,674;FALSO
0.0N/0.0P;0.0N;0.0P;3;203;25;0,75;4;17,5;17,5;FALSO;0,75;FALSO
1.1N/0.0P;1.1N;0.0P;3;210;25;0,725;1;23,3;23,3;FALSO;0,725;FALSO
1.1N/0.0P;1.1N;0.0P;3;210;25;0,692;2;23,6;23,6;FALSO;0,692;FALSO
1.1N/0.0P;1.1N;0.0P;3;210;25;0,692;3;21,2;21,2;FALSO;0,692;FALSO
1.1N/0.0P;1.1N;0.0P;3;210;25;0,775;4;28,4;28,4;FALSO;0,775;FALSO
1.1N/0.0P;1.1N;0.0P;3;216;25;0,797;1;28,6;28,6;FALSO;0,797;FALSO
1.1N/0.0P;1.1N;0.0P;3;216;25;0,788;2;24,1;24,1;FALSO;0,788;FALSO
1.1N/0.0P;1.1N;0.0P;3;216;25;0,756;3;36,2;36,2;FALSO;0,756;FALSO
1.1N/0.0P;1.1N;0.0P;3;216;25;0,622;4;31,5;31,5;FALSO;0,622;FALSO
1.8N/0.0P;1.8N;0.0P;3;220;25;0,804;1;22,2;22,2;FALSO;0,804;FALSO
1.8N/0.0P;1.8N;0.0P;3;220;25;0,776;2;22,2;22,2;FALSO;0,776;FALSO
1.8N/0.0P;1.8N;0.0P;3;220;25;0,814;3;20;20;FALSO;0,814;FALSO
1.8N/0.0P;1.8N;0.0P;3;220;25;0,561;4;22,8;22,8;FALSO;0,561;FALSO
1.8N/0.0P;1.8N;0.0P;3;222;25;0,766;1;14,8;14,8;FALSO;0,766;FALSO
1.8N/0.0P;1.8N;0.0P;3;222;25;0,766;2;16,1;16,1;FALSO;0,766;FALSO
1.8N/0.0P;1.8N;0.0P;3;222;25;0,737;3;15,6;15,6;FALSO;0,737;FALSO
1.8N/0.0P;1.8N;0.0P;3;222;25;0,583;4;11,6;11,6;FALSO;0,583;FALSO
0.0N/0.6P;0.0N;0.6P;3;238;25;0,407;1;15,2;15,2;FALSO;0,7605;VERDADERO
0.0N/0.6P;0.0N;0.6P;3;238;25;0,764;2;22,2;22,2;FALSO;0,764;FALSO
0.0N/0.6P;0.0N;0.6P;3;238;25;0,783;3;15,4;15,4;FALSO;0,783;FALSO
0.0N/0.6P;0.0N;0.6P;3;238;25;0,761;4;11,6;11,6;FALSO;0,761;FALSO
0.0N/0.6P;0.0N;0.6P;3;240;25;0,739;1;43;18,8;VERDADERO;0,739;FALSO
0.0N/0.6P;0.0N;0.6P;3;240;25;0,677;2;21,5;21,5;FALSO;0,677;FALSO
0.0N/0.6P;0.0N;0.6P;3;240;25;0,788;3;11,6;11,6;FALSO;0,788;FALSO
0.0N/0.6P;0.0N;0.6P;3;240;25;0,75;4;10,3;10,3;FALSO;0,75;FALSO
1.1N/0.6P;1.1N;0.6P;3;244;25;0,68;1;13;13;FALSO;0,68;FALSO
1.1N/0.6P;1.1N;0.6P;3;244;25;0,74;2;6,2;6,2;FALSO;0,74;FALSO
1.1N/0.6P;1.1N;0.6P;3;244;25;0,753;3;12,3;12,3;FALSO;0,753;FALSO
1.1N/0.6P;1.1N;0.6P;3;244;25;0,785;4;12,7;12,7;FALSO;0,785;FALSO
1.1N/0.6P;1.1N;0.6P;3;247;25;0,738;1;39,5;39,5;FALSO;0,738;FALSO
1.1N/0.6P;1.1N;0.6P;3;247;25;0,684;2;19;19;FALSO;0,684;FALSO
1.1N/0.6P;1.1N;0.6P;3;247;25;0,578;3;28,7;28,7;FALSO;0,578;FALSO
1.1N/0.6P;1.1N;0.6P;3;247;25;0,647;4;30,9;30,9;FALSO;0,647;FALSO
2.5N/0.6P;2.5N;0.6P;3;257;25;0,746;1;20,8;20,8;FALSO;0,746;FALSO
2.5N/0.6P;2.5N;0.6P;3;257;25;0,567;2;24,8;24,8;FALSO;0,567;FALSO
2.5N/0.6P;2.5N;0.6P;3;257;25;0,486;3;25,2;25,2;FALSO;0,486;FALSO
2.5N/0.6P;2.5N;0.6P;3;257;25;0,393;4;19,8;19,8;FALSO;0,7265;VERDADERO
2.5N/0.6P;2.5N;0.6P;3;264;25;0,259;1;15,6;15,6;FALSO;0,7265;VERDADERO
2.5N/0.6P;2.5N;0.6P;3;264;25;0,714;2;13,4;13,4;FALSO;0,714;FALSO
2.5N/0.6P;2.5N;0.6P;3;264;25;0,635;3;19,8;19,8;FALSO;0,635;FALSO
2.5N/0.6P;2.5N;0.6P;3;264;25;0,522;4;21,5;21,5;FALSO;0,522;FALSO
0.0N/1.2P;0.0N;1.2P;3;267;25;0,75;1;12,8;12,8;FALSO;0,75;FALSO
0.0N/1.2P;0.0N;1.2P;3;267;25;0,792;2;6,9;6,9;FALSO;0,792;FALSO
0.0N/1.2P;0.0N;1.2P;3;267;25;0,853;3;10,2;10,2;FALSO;0,853;FALSO
0.0N/1.2P;0.0N;1.2P;3;267;25;0,81;4;21,5;21,5;FALSO;0,81;FALSO
0.0N/1.2P;0.0N;1.2P;3;271;25;0,787;1;19,9;19,9;FALSO;0,787;FALSO
0.0N/1.2P;0.0N;1.2P;3;271;25;0,745;2;13;13;FALSO;0,745;FALSO
0.0N/1.2P;0.0N;1.2P;3;271;25;0,826;3;11,3;11,3;FALSO;0,826;FALSO
0.0N/1.2P;0.0N;1.2P;3;271;25;0,773;4;19,8;19,8;FALSO;0,773;FALSO
1.1N/1.2P;1.1N;1.2P;3;277;25;0,679;1;37,4;37,4;FALSO;0,679;FALSO
1.1N/1.2P;1.1N;1.2P;3;277;25;0,714;2;34,7;34,7;FALSO;0,714;FALSO
1.1N/1.2P;1.1N;1.2P;3;277;25;0,778;3;34,6;34,6;FALSO;0,778;FALSO
1.1N/1.2P;1.1N;1.2P;3;277;25;0,8;4;43;24,95;VERDADERO;0,8;FALSO
1.8N/1.2P;1.8N;1.2P;3;287;25;0,594;1;18,4;18,4;FALSO;0,594;FALSO
1.8N/1.2P;1.8N;1.2P;3;287;25;0,529;2;24,5;24,5;FALSO;0,529;FALSO
1.8N/1.2P;1.8N;1.2P;3;287;25;0,452;3;17,1;17,1;FALSO;0,452;FALSO
1.8N/1.2P;1.8N;1.2P;3;287;25;0,758;4;21,4;21,4;FALSO;0,758;FALSO
1.1N/1.2P;1.1N;1.2P;3;298;25;0,797;1;28,1;28,1;FALSO;0,797;FALSO
1.1N/1.2P;1.1N;1.2P;3;298;25;0,769;2;25,3;25,3;FALSO;0,769;FALSO
1.1N/1.2P;1.1N;1.2P;3;298;25;0,779;3;26,5;26,5;FALSO;0,779;FALSO
1.1N/1.2P;1.1N;1.2P;3;298;25;0,736;4;22,5;22,5;FALSO;0,736;FALSO
1.8N/1.2P;1.8N;1.2P;3;299;25;0,698;1;12,5;12,5;FALSO;0,698;FALSO
1.8N/1.2P;1.8N;1.2P;3;299;25;0,543;2;15,5;15,5;FALSO;0,543;FALSO
1.8N/1.2P;1.8N;1.2P;3;299;25;0,634;3;19,8;19,8;FALSO;0,634;FALSO
1.8N/1.2P;1.8N;1.2P;3;299;25;0,704;4;19,8;19,8;FALSO;0,704;FALSO
2.5N/1.2P;2.5N;1.2P;3;300;25;0,4;1;27,4;27,4;FALSO;0,735;VERDADERO
2.5N/1.2P;2.5N;1.2P;3;300;25;0,807;2;26,8;26,8;FALSO;0,807;FALSO
2.5N/1.2P;2.5N;1.2P;3;300;25;0,761;3;34;34;FALSO;0,761;FALSO
2.5N/1.2P;2.5N;1.2P;3;300;25;0,812;4;25,9;25,9;FALSO;0,812;FALSO
